DTALite:
A Fast Open Source DTA Engine
Software Version =,1.001
Release Date=,November 1st 2012
Traffic Flow Model =,BPR Function
----------------------test1----------------------
# of Nodes=,149
# of Pretimed Signal=,15
# of Actuated Signal=,0
# of Link Types=,12
# of Links=,378
# of Zones=,41
# of Activity Locations=,93
# of Vehicle Types=,5
# of Demand Types=,4
# of Pricing Types=,0
# of VOT Records=,47
Demand Load Mode:
Reading demand file,input_demand.csv,cumulative # of agents=,12638,


# of incident records=0
# of VMS records=0
# of link-based toll records=0
# of work zone records=0
# of movement records=0

Demand multipler in setting file=,1
# of Vehicles to be simulated=,12638
Starting Time of Demand Loading (min)=,930
Ending Time of Demand Loading (min)=,1050
Output Emission data=,NO
# of assignment iterations=,14
# of CPU threads=,8
Assignment method=,Day to Day Learning
Percentage of considering to switch routes=,15
Travel time difference for route switching=,5
Relative Travel Time Indifference Band (%) for route switching=,15
 
Iteration #,CPU Running Time,# of agents,Avg Travel Time (min),Avg Trip Time (min),Avg Waiting Time at Origin (min),Avg Trip Time Index=(Mean TT/Free-flow TT),Avg Speed (mph),% considering to switch,% switched,% completing trips,network clearance time (in min),Avg UE gap (min),Relative UE gap (%),ODME: number of data points,ODME: Absolute link count error,ODME: % link count error,ODME: slope,ODME: r_squared,ODME: avg_simulated_to_avg_obs,
0,00:00:02,12638,22.1323,22.5946,0.462279,4.54555,8.4881,100,100,100,1123,0,0, , , , , , ,
1,00:00:03,12638,14.5365,14.5748,0.0383046,2.84664,13.0177,14.9865,8.0709,100,1097,14.2169,34.1209, , , , , , ,
2,00:00:03,12638,9.97322,10.0115,0.0383096,1.9147,19.0819,15.0103,6.79696,100,1077,6.59376,23.9225, , , , , , ,
3,00:00:04,12638,7.76717,7.80547,0.0382997,1.4735,24.5403,15.034,6.30638,100,1065,2.49403,15.1372, , , , , , ,
4,00:00:05,12638,7.53199,7.57029,0.0382984,1.43206,25.2324,15.0024,4.77924,100,1064,0.52566,5.82315, , , , , , ,
5,00:00:05,12638,7.62699,7.66525,0.0382613,1.45458,24.8354,14.9945,4.79506,100,1065,0.442875,5.27147, , , , , , ,
6,00:00:06,12638,7.42858,7.46691,0.0383269,1.41636,25.4728,14.2823,4.18579,100,1065,0.432354,4.85251, , , , , , ,
7,00:00:07,12638,7.58892,7.62723,0.0383145,1.45143,24.871,12.5178,3.05428,100,1065,0.386449,4.73595, , , , , , ,
8,00:00:08,12638,7.38286,7.42117,0.038312,1.4122,25.5316,11.1173,2.77734,100,1064,0.373017,4.42269, , , , , , ,
9,00:00:08,12638,7.36813,7.40645,0.0383182,1.41223,25.5591,10.0016,2.23137,100,1064,0.315752,4.0441, , , , , , ,
10,00:00:09,12638,7.45311,7.49144,0.0383293,1.43101,25.2364,9.09954,1.90695,100,1064,0.307633,3.8202, , , , , , ,
11,00:00:10,12638,7.35904,7.39736,0.0383157,1.41336,25.533,8.31619,1.73287,100,1064,0.314045,3.86757, , , , , , ,
12,00:00:10,12638,7.36064,7.39896,0.038317,1.41533,25.5067,7.699,1.5667,100,1064,0.28236,3.59288, , , , , , ,
13,00:00:11,12638,7.34958,7.38788,0.0382997,1.41446,25.5271,7.11347,1.33724,100,1064,0.251787,3.32884, , , , , , ,
14,00:00:12,12638,7.38733,7.42567,0.0383306,1.42243,25.3869,6.64662,1.14733,100,1065,0.261932,3.40926, , , , , , ,

--Time Dependent Network MOE--,60 min interval
time_stamp_in_min,time_clock,cumulative_in_flow_count,cumulative_out_flow_count,number_vehicles_in_network,total_out_flow,total_vehicle_mile_traveled,avg_trip_time (departure_time_based),avg_trip_time_index = trip time/FFTT,avg_distance,avg_speed,avg_waiting_time_at_origin,
900,15:00,0,0,0,0,0,0,0,0,0,0,

--Time Dependent Network MOE--,30 min interval
time_stamp_in_min,time_clock,cumulative_in_flow_count,cumulative_out_flow_count,number_vehicles_in_network,total_out_flow,total_vehicle_mile_traveled,avg_trip_time (departure_time_based),avg_trip_time_index = trip time/FFTT,avg_distance,avg_speed,avg_waiting_time_at_origin,
930,15:30,27,0,27,12150,41764.5,7.1484,1.28285,3.4374,28.8518,0.0525241,
960,16:00,3019,2247,772,60750,208935,9.09194,1.57601,3.43927,22.6966,0.0194992,
990,16:30,6221,5404,817,115650,363037,9.34039,1.80024,3.1391,20.1647,0.00568506,
1020,17:00,9367,8555,812,53550,174212,10.569,1.91031,3.25326,18.4687,0.0743329,
1050,17:30,12638,11753,885,187650,577993,9.97637,1.96009,3.08017,18.5248,0.0904076,

--Time Dependent Network MOE--,15 min interval
time_stamp_in_min,time_clock,cumulative_in_flow_count,cumulative_out_flow_count,number_vehicles_in_network,total_out_flow,total_vehicle_mile_traveled,avg_trip_time (departure_time_based),avg_trip_time_index = trip time/FFTT,avg_distance,avg_speed,avg_waiting_time_at_origin,
930,15:30,27,0,27,6075,20882.2,7.1484,1.28285,3.4374,28.8518,0.0525241,
945,15:45,1431,710,721,21600,71454,8.2706,1.52704,3.30805,23.9987,0.0308158,
960,16:00,3019,2247,772,30375,104468,9.09194,1.57601,3.43926,22.6966,0.0194991,
975,16:15,4566,3814,752,22500,70541.4,8.91084,1.71258,3.13517,21.1103,0.0414221,
990,16:30,6221,5404,817,57825,181518,9.34039,1.80024,3.1391,20.1647,0.00568506,
1005,16:45,7754,6985,769,21825,67507.3,9.59809,1.85593,3.09312,19.3358,0.0335452,
1020,17:00,9367,8555,812,26775,87106.1,10.569,1.91031,3.25326,18.4687,0.0743329,
1035,17:15,10965,10157,808,25650,76244.2,9.3442,1.85206,2.97248,19.0866,0.121182,
1050,17:30,12638,11753,885,93825,288997,9.97637,1.96009,3.08017,18.5248,0.0904076,
1065,17:45,12638,12638,0,0,0,0,0,0,0,0,

--Time Dependent Network MOE--,5 min interval
time_stamp_in_min,time_clock,cumulative_in_flow_count,cumulative_out_flow_count,number_vehicles_in_network,total_out_flow,total_vehicle_mile_traveled,avg_trip_time (departure_time_based),avg_trip_time_index = trip time/FFTT,avg_distance,avg_speed,avg_waiting_time_at_origin,
930,15:30,27,0,27,2025,6960.74,7.1484,1.28285,3.4374,28.8518,0.0525241,
935,15:35,389,50,339,7425,23201.3,6.93456,1.36259,3.12475,27.0363,0.0573872,
940,15:40,899,272,627,7800,34557.6,10.9388,1.49344,4.43047,24.3014,0.0750151,
945,15:45,1431,710,721,7200,23818,8.2706,1.52704,3.30805,23.9987,0.0308158,
950,15:50,1956,1197,759,9225,27093.6,7.4441,1.50783,2.93697,23.6722,0.0216303,
955,15:55,2544,1713,831,8850,28506.1,8.292,1.5548,3.22102,23.307,0.0572174,
960,16:00,3019,2247,772,10125,34822.6,9.09194,1.57601,3.43926,22.6966,0.0194991,
965,16:05,3517,2778,739,6600,19794.1,7.89924,1.57593,2.99911,22.7802,0.0350897,
970,16:10,4087,3291,796,12525,39574,8.65303,1.63398,3.1596,21.9086,0.011449,
975,16:15,4566,3814,752,7500,23513.8,8.91084,1.71258,3.13517,21.1103,0.0414221,
980,16:20,5129,4333,796,7350,24585.7,9.26763,1.67127,3.345,21.656,0.043878,
985,16:25,5649,4853,796,6825,21006.9,8.76329,1.71774,3.07793,21.0738,0.0368572,
990,16:30,6221,5404,817,19275,60506.1,9.34039,1.80024,3.1391,20.1647,0.00568506,
995,16:35,6730,5909,821,9150,29481.4,9.63037,1.78179,3.22201,20.0741,0.0466179,
1000,16:40,7212,6446,766,7500,27436.4,10.9055,1.79897,3.65819,20.1266,0.038446,
1005,16:45,7754,6985,769,7275,22502.4,9.59809,1.85593,3.09312,19.3358,0.0335452,
1010,16:50,8293,7503,790,12525,39449.4,9.94484,1.8893,3.14965,19.0027,0.0312117,
1015,16:55,8862,8037,825,8475,26527.8,10.1135,1.95655,3.13012,18.5699,0.110907,
1020,17:00,9367,8555,812,8925,29035.4,10.569,1.91031,3.25326,18.4687,0.0743329,
1025,17:05,9841,9089,752,4575,13760,9.7881,1.93931,3.00765,18.4366,0.146697,
1030,17:10,10413,9625,788,8100,26558.7,10.601,1.93308,3.27885,18.5577,0.11636,
1035,17:15,10965,10157,808,8550,25414.7,9.3442,1.85206,2.97248,19.0866,0.121182,
1040,17:20,11522,10682,840,8775,27396.3,9.71877,1.88195,3.12208,19.2745,0.117688,
1045,17:25,12011,11228,783,5775,17481.7,9.14118,1.83928,3.02714,19.8692,0.162953,
1050,17:30,12638,11753,885,31275,96332.2,9.97637,1.96009,3.08017,18.5248,0.0904076,
1055,17:35,12638,12233,405,0,0,0,0,0,0,0,
1060,17:40,12638,12573,65,0,0,0,0,0,0,0,
1065,17:45,12638,12638,0,0,0,0,0,0,0,0,
Unit of output:
travel time=,min
travel Cost=,dollar
distance=,miles
speed=,mph
energy=,1000 joule
CO2=,gram


--MOE Group 1--
 , , , , , , , , , , , , , , , , ,
,#_of_vehicles,percentage,avg_distance,avg_travel_time,avg_speed,avg_toll_cost,avg_energy_K_joule,avg_CO2_gram,avg_NOX_gram,avg_CO_gram,avg_HC_gram,avg_energy_K_joule_per_mile,avg_CO2_gram_per_mile,avg_NOX_gram_per_mile,avg_CO_gram_per_mile,avg_HC_gram_per_mile,avg_MilesPerGallon,
network,12638,100,3.12569,7.42566,25.2558,0,0,0,0,0,0,0,0,0,0,0,0,


--MOE Group 2--
 , , , , , , , , , , , , , , , , ,
,#_of_vehicles,percentage,avg_distance,avg_travel_time,avg_speed,avg_toll_cost,avg_energy_K_joule,avg_CO2_gram,avg_NOX_gram,avg_CO_gram,avg_HC_gram,avg_energy_K_joule_per_mile,avg_CO2_gram_per_mile,avg_NOX_gram_per_mile,avg_CO_gram_per_mile,avg_HC_gram_per_mile,avg_MilesPerGallon,
sov,12638,100,3.12569,7.42566,25.2558,0,0,0,0,0,0,0,0,0,0,0,0,
hov,0,0,0,0,0,0,0,0,0,0,0,0,0,0,0,0,0,
truck,0,0,0,0,0,0,0,0,0,0,0,0,0,0,0,0,0,


--MOE Group 3--
 , , , , , , , , , , , , , , , , ,
,#_of_vehicles,percentage,avg_distance,avg_travel_time,avg_speed,avg_toll_cost,avg_energy_K_joule,avg_CO2_gram,avg_NOX_gram,avg_CO_gram,avg_HC_gram,avg_energy_K_joule_per_mile,avg_CO2_gram_per_mile,avg_NOX_gram_per_mile,avg_CO_gram_per_mile,avg_HC_gram_per_mile,avg_MilesPerGallon,
passenger_car,10044,79.4746,3.13263,7.44174,25.2573,0,0,0,0,0,0,0,0,0,0,0,0,
passenger_truck,2594,20.5254,3.09889,7.36342,25.251,0,0,0,0,0,0,0,0,0,0,0,0,
light_commercial-truck,0,0,0,0,0,0,0,0,0,0,0,0,0,0,0,0,0,
single_unit_long-haul_truck,0,0,0,0,0,0,0,0,0,0,0,0,0,0,0,0,0,
combination_long-haul_truck,0,0,0,0,0,0,0,0,0,0,0,0,0,0,0,0,0,


--MOE Group 4--
 , , , , , , , , , , , , , , , , ,
,#_of_vehicles,percentage,avg_distance,avg_travel_time,avg_speed,avg_toll_cost,avg_energy_K_joule,avg_CO2_gram,avg_NOX_gram,avg_CO_gram,avg_HC_gram,avg_energy_K_joule_per_mile,avg_CO2_gram_per_mile,avg_NOX_gram_per_mile,avg_CO_gram_per_mile,avg_HC_gram_per_mile,avg_MilesPerGallon,
OD1,15,0.11869,1.4541,3.39593,25.6913,0,0,0,0,0,0,0,0,0,0,0,0,
OD2,15,0.11869,1.4541,3.1033,28.1139,0,0,0,0,0,0,0,0,0,0,0,0,


--MOE Group 5--
 , , , , , , , , , , , , , , , , ,
,#_of_vehicles,percentage,avg_distance,avg_travel_time,avg_speed,avg_toll_cost,avg_energy_K_joule,avg_CO2_gram,avg_NOX_gram,avg_CO_gram,avg_HC_gram,avg_energy_K_joule_per_mile,avg_CO2_gram_per_mile,avg_NOX_gram_per_mile,avg_CO_gram_per_mile,avg_HC_gram_per_mile,avg_MilesPerGallon,
link_48_41_ NB freeway,0,0,0,0,0,0,0,0,0,0,0,0,0,0,0,0,0,
link_39_44_NB freeway,0,0,0,0,0,0,0,0,0,0,0,0,0,0,0,0,0,
link_48_41_SB freeway,0,0,0,0,0,0,0,0,0,0,0,0,0,0,0,0,0,
link_39_44_ SB freeway,0,0,0,0,0,0,0,0,0,0,0,0,0,0,0,0,0,


--MOE Group 6--
 , , , , , , , , , , , , , , , , ,
,#_of_vehicles,percentage,avg_distance,avg_travel_time,avg_speed,avg_toll_cost,avg_energy_K_joule,avg_CO2_gram,avg_NOX_gram,avg_CO_gram,avg_HC_gram,avg_energy_K_joule_per_mile,avg_CO2_gram_per_mile,avg_NOX_gram_per_mile,avg_CO_gram_per_mile,avg_HC_gram_per_mile,avg_MilesPerGallon,
Path1_Major freeway route,0,0,0,0,0,0,0,0,0,0,0,0,0,0,0,0,0,
Path2_Major freeway route,0,0,0,0,0,0,0,0,0,0,0,0,0,0,0,0,0,
Path3_Major arterial route,0,0,0,0,0,0,0,0,0,0,0,0,0,0,0,0,0,
Path4_Major arterial route,12638,100,3.12569,7.42566,25.2558,0,0,0,0,0,0,0,0,0,0,0,0,


--MOE Group 7--
Detailed Data:,output_NetworkTDMOE.csv
time_stamp_in_min,cumulative_in_flow_count,cumulative_out_flow_count,number_vehicles_in_network,flow_in_a_min,avg_trip_time_in_min
930,27,0,27,405,7.1484,
931,73,0,73,690,6.28755,
932,130,2,128,855,6.02517,
933,214,11,203,1260,6.64838,
934,290,27,263,1140,7.51529,
935,389,50,339,1485,6.93456,
936,469,77,392,1200,6.92467,
937,565,98,467,1440,7.19464,
938,699,155,544,2010,7.75385,
939,795,214,581,1440,6.65464,
940,899,272,627,1560,10.9388,
941,1029,350,679,1950,4.08703,
942,1171,433,738,2130,8.18821,
943,1258,518,740,1305,7.93438,
944,1335,608,727,1155,7.3647,
945,1431,710,721,1440,8.2706,
946,1537,813,724,1590,7.9244,
947,1646,903,743,1635,7.64017,
948,1758,999,759,1680,8.29,
949,1833,1099,734,1125,7.8341,
950,1956,1197,759,1845,7.4441,
951,2085,1317,768,1935,7.88964,
952,2159,1425,734,1110,9.102,
953,2241,1510,731,1230,6.97518,
954,2426,1601,825,2775,8.41889,
955,2544,1713,831,1770,8.292,
956,2641,1812,829,1455,8.634,
957,2745,1921,824,1560,8.12091,
958,2840,2026,814,1425,8.59136,
959,2884,2147,737,660,7.52531,
960,3019,2247,772,2025,9.09194,
961,3105,2356,749,1290,7.71569,
962,3238,2461,777,1995,8.73809,
963,3330,2565,765,1380,8.31626,
964,3429,2668,761,1485,7.9938,
965,3517,2778,739,1320,7.89924,
966,3665,2876,789,2220,11.6357,
967,3800,2976,824,2025,5.77463,
968,3876,3076,800,1140,9.23546,
969,3920,3182,738,660,7.8064,
970,4087,3291,796,2505,8.65303,
971,4163,3398,765,1140,8.13623,
972,4272,3501,771,1635,9.41069,
973,4386,3604,782,1710,7.93996,
974,4466,3713,753,1200,8.92424,
975,4566,3814,752,1500,8.91084,
976,4679,3908,771,1695,9.29367,
977,4752,4010,742,1095,6.88901,
978,4938,4107,831,2790,9.21329,
979,5031,4223,808,1395,8.73148,
980,5129,4333,796,1470,9.26763,
981,5254,4436,818,1875,8.55183,
982,5335,4529,806,1215,9.47212,
983,5423,4653,770,1320,8.43227,
984,5558,4747,811,2025,9.2599,
985,5649,4853,796,1365,8.76329,
986,5763,4961,802,1710,8.89033,
987,5846,5067,779,1245,9.34009,
988,5938,5184,754,1380,8.56371,
989,5964,5295,669,390,9.03283,
990,6221,5404,817,3855,9.34039,
991,6291,5502,789,1050,10.433,
992,6393,5606,787,1530,8.93869,
993,6484,5704,780,1365,8.40792,
994,6608,5803,805,1860,9.2961,
995,6730,5909,821,1830,9.63037,
996,6813,6022,791,1245,9.98488,
997,6907,6139,768,1410,9.31975,
998,7023,6254,769,1740,10.3372,
999,7112,6355,757,1335,8.3337,
1000,7212,6446,766,1500,10.9055,
1001,7286,6540,746,1110,7.15456,
1002,7462,6644,818,2640,10.8134,
1003,7581,6761,820,1785,9.50495,
1004,7657,6876,781,1140,8.97352,
1005,7754,6985,769,1455,9.59809,
1006,7867,7086,781,1695,10.1511,
1007,7978,7184,794,1665,9.56211,
1008,8071,7276,795,1395,10.7819,
1009,8126,7393,733,825,8.43223,
1010,8293,7503,790,2505,9.94484,
1011,8380,7584,796,1305,10.2157,
1012,8478,7699,779,1470,9.65379,
1013,8585,7810,775,1605,9.55951,
1014,8749,7918,831,2460,10.9077,
1015,8862,8037,825,1695,10.1135,
1016,8954,8142,812,1380,10.6727,
1017,9064,8243,821,1650,10.0698,
1018,9180,8350,830,1740,9.8616,
1019,9248,8451,797,1020,10.7015,
1020,9367,8555,812,1785,10.569,
1021,9458,8656,802,1365,9.89212,
1022,9569,8770,799,1665,10.4941,
1023,9655,8869,786,1290,11.261,
1024,9780,8984,796,1875,8.69279,
1025,9841,9089,752,915,9.7881,
1026,10018,9202,816,2655,11.2566,
1027,10109,9308,801,1365,9.04413,
1028,10242,9415,827,1995,9.91171,
1029,10305,9512,793,945,11.4345,
1030,10413,9625,788,1620,10.601,
1031,10527,9734,793,1710,9.72842,
1032,10661,9848,813,2010,9.81724,
1033,10734,9956,778,1095,10.1502,
1034,10851,10051,800,1755,10.7081,
1035,10965,10157,808,1710,9.3442,
1036,11047,10264,783,1230,10.5219,
1037,11132,10372,760,1275,9.70787,
1038,11280,10461,819,2220,11.0657,
1039,11405,10570,835,1875,9.77608,
1040,11522,10682,840,1755,9.71877,
1041,11620,10797,823,1470,10.3729,
1042,11738,10896,842,1770,12.199,
1043,11826,11012,814,1320,7.65862,
1044,11934,11114,820,1620,10.2757,
1045,12011,11228,783,1155,9.14118,
1046,12080,11334,746,1035,11.257,
1047,12150,11450,700,1050,10.248,
1048,12200,11559,641,750,9.91484,
1049,12221,11659,562,315,9.87663,
1050,12638,11753,885,6255,9.97637,
1051,12638,11848,790,0,0,
1052,12638,11937,701,0,0,
1053,12638,12051,587,0,0,
1054,12638,12136,502,0,0,
1055,12638,12233,405,0,0,
1056,12638,12316,322,0,0,
1057,12638,12399,239,0,0,
1058,12638,12472,166,0,0,
1059,12638,12525,113,0,0,
1060,12638,12573,65,0,0,
1061,12638,12602,36,0,0,
1062,12638,12616,22,0,0,
1063,12638,12630,8,0,0,
1064,12638,12636,2,0,0,
1065,12638,12638,0,0,0,


--MOE Group 8--
Detailed Data:,output_LinkMOE.csv
from_node_id,to_node_id,type_code,start_time_in_min,end_time_in_min,total_link_volume,lane_capacity_in_vhc_per_hour,volume_over_capacity_ratio,avg_waiting_time_on_loading_buffer_(min),speed_limit_in_mph,speed_in_mph,percentage_of_speed_limit,level_of_service,sensor_data_flag,sensor_link_volume,simulated_link_volume,measurement_error,abs_measurement_error_percentage,simulated_AADT,num_of_crashes_per_year,num_of_fatal_and_injury_crashes_per_year,num_of_PDO_crashes_per_year,num_of_intersection_crashes_per_year,num_of_intersection_fatal_and_injury_crashes_per_year,num_of_intersection_PDO_crashes_per_year,TotalEnergy_(J/hr),CO2_(g/hr),NOX_(g/hr),CO_(g/hr),HC_(g/hr),sov_volume,hov_volume,truck_volume,intermodal_volume,geometry,from_node_id,to_node_id,vol_d0,vol_d1,vol_d2,vol_d3,vol_d4,vol_d5,vol_d6,vol_d7,vol_d8,vol_d9,vol_d10,vol_d11,vol_d12,vol_d13,vol_d14,spd_d0,spd_d1,spd_d2,spd_d3,spd_d4,spd_d5,spd_d6,spd_d7,spd_d8,spd_d9,spd_d10,spd_d11,spd_d12,spd_d13,spd_d14,
5017,5018,h,930,1050,1511,284.8000,1.7685,0.0000,43.0000,34.5221,80,B,0,0.0000,1511,0.0000,0.0000,15110.0000,0.0000,0.0000,0.0000,0.0000,0.0000,0.0000,0.0000,0.0000,0.0000,0.0000,0.0000,1511,0,0,0,"<LineString><coordinates>-111.938633,40.609519,0.0 -111.938737,40.616739,0.0</coordinates></LineString>",5017,5018,1622,1582,1543,1501,1501,1509,1486,1498,1482,1489,1498,1499,1500,1503,1511,40.7027,39.1120,37.6172,36.9165,36.5419,34.9943,36.0867,37.7056,36.1121,34.3606,37.7095,36.2576,36.7719,36.4961,34.5221,
5017,11146,h,930,1050,1629,284.8000,1.9066,0.0000,43.0000,17.4277,41,D,0,0.0000,1629,0.0000,0.0000,16290.0000,0.0000,0.0000,0.0000,0.0000,0.0000,0.0000,0.0000,0.0000,0.0000,0.0000,0.0000,1629,0,0,0,"<LineString><coordinates>-111.938869,40.609521,0.0 -111.938976,40.605902,0.0</coordinates></LineString>",5017,11146,2082,1751,1517,1497,1542,1554,1593,1603,1604,1611,1606,1607,1624,1626,1629,1.4498,3.1880,25.4719,26.9322,21.7186,23.9849,23.6853,21.5564,22.6963,20.1042,20.5591,22.7618,19.2153,21.4832,17.4277,
5018,5017,h,930,1050,1388,284.8000,1.6245,0.0000,43.0000,35.4992,83,B,0,0.0000,1388,0.0000,0.0000,13880.0000,0.0000,0.0000,0.0000,0.0000,0.0000,0.0000,0.0000,0.0000,0.0000,0.0000,0.0000,1388,0,0,0,"<LineString><coordinates>-111.938973,40.616735,0.0 -111.938869,40.609515,0.0</coordinates></LineString>",5018,5017,1776,1504,1409,1366,1384,1378,1404,1400,1391,1392,1387,1382,1388,1387,1388,3.0384,31.1725,33.4154,35.1320,33.7119,34.3300,33.1446,33.9816,34.0365,34.5085,34.3303,33.8187,34.9164,34.3212,35.4992,
5018,5436,h,930,1050,1414,284.8000,1.6550,0.0000,43.0000,36.6243,85,B,1,0.0000,1414,1414.0000,141400.0000,14140.0000,0.0000,0.0000,0.0000,0.0000,0.0000,0.0000,0.0000,0.0000,0.0000,0.0000,0.0000,1414,0,0,0,"<LineString><coordinates>-111.938737,40.616735,0.0 -111.938624,40.624083,0.0</coordinates></LineString>",5018,5436,1466,1457,1439,1407,1406,1408,1392,1401,1391,1396,1404,1404,1406,1408,1414,39.9855,39.0853,38.3111,37.6411,37.2596,36.3978,37.0724,36.6590,37.6842,36.5761,37.8029,36.1777,37.3390,37.1865,36.6243,
5022,5524,a,930,1050,1141,407.2000,1.4010,0.0000,36.0000,18.3827,51,C,0,0.0000,1141,0.0000,0.0000,11410.0000,9.1067,3.0214,6.0853,8.2851,2.7659,5.5192,0.0000,0.0000,0.0000,0.0000,0.0000,1141,0,0,0,"<LineString><coordinates>-111.929185,40.609299,0.0 -111.925510,40.608615,0.0</coordinates></LineString>",5022,5524,1225,1261,1294,1288,1260,1230,1214,1183,1176,1176,1172,1160,1145,1141,1141,20.5614,18.7007,17.6791,17.4686,18.0076,17.6889,18.0114,17.6383,18.1135,18.1837,17.9107,18.3865,18.5222,18.4192,18.3827,
5112,5589,h,930,1050,1239,446.0000,1.3890,0.0000,39.0000,32.0510,82,B,0,0.0000,1239,0.0000,0.0000,12390.0000,0.0000,0.0000,0.0000,0.0000,0.0000,0.0000,0.0000,0.0000,0.0000,0.0000,0.0000,1239,0,0,0,"<LineString><coordinates>-111.938730,40.587644,0.0 -111.934063,40.587663,0.0</coordinates></LineString>",5112,5589,1997,1790,1669,1687,1496,1356,1393,1309,1310,1279,1239,1232,1251,1241,1239,30.9759,30.4301,25.1885,21.7769,28.5937,32.1590,29.0394,31.4163,30.5353,32.1419,31.2533,32.7963,32.7759,32.3693,32.0510,
5112,11160,h,930,1050,1621,284.8000,1.8972,0.0000,43.0000,20.1579,47,D,0,0.0000,1621,0.0000,0.0000,16210.0000,0.0000,0.0000,0.0000,0.0000,0.0000,0.0000,0.0000,0.0000,0.0000,0.0000,0.0000,1621,0,0,0,"<LineString><coordinates>-111.938612,40.587768,0.0 -111.938760,40.590850,0.0</coordinates></LineString>",5112,11160,2490,2112,1825,1547,1623,1684,1553,1622,1558,1600,1636,1596,1605,1621,1621,1.3954,1.5033,2.3813,23.5339,22.2817,10.1259,21.6305,20.5042,22.8533,21.0032,18.5573,21.9549,19.5125,22.8112,20.1579,
5112,11172,h,930,1050,1602,446.0000,1.7960,0.0000,39.0000,28.5643,73,B,0,0.0000,1602,0.0000,0.0000,16020.0000,0.0000,0.0000,0.0000,0.0000,0.0000,0.0000,0.0000,0.0000,0.0000,0.0000,0.0000,1602,0,0,0,"<LineString><coordinates>-111.938848,40.587765,0.0 -111.938937,40.584174,0.0</coordinates></LineString>",5112,11172,1489,1437,1417,1379,1449,1501,1552,1574,1573,1598,1622,1622,1609,1602,1602,35.9467,33.1241,31.9172,30.9763,29.9711,29.4462,29.0846,26.0067,27.4604,27.7476,28.2753,25.3804,25.8522,27.1846,28.5643,
5113,11148,h,930,1050,1692,284.8000,1.9803,0.0000,43.0000,26.5991,62,C,1,0.0000,1692,1692.0000,169200.0000,16920.0000,0.0000,0.0000,0.0000,0.0000,0.0000,0.0000,0.0000,0.0000,0.0000,0.0000,0.0000,1692,0,0,0,"<LineString><coordinates>-111.938652,40.594014,0.0 -111.938675,40.599040,0.0</coordinates></LineString>",5113,11148,2547,2202,1915,1647,1650,1710,1626,1685,1609,1657,1705,1658,1667,1686,1692,14.5512,8.8530,8.3173,17.1109,24.9032,16.5067,28.5696,13.6601,28.7818,28.0365,18.3395,22.3416,28.8821,28.9119,26.5991,
5113,11160,h,930,1050,1640,284.8000,1.9195,0.0000,43.0000,24.8375,58,C,0,0.0000,1640,0.0000,0.0000,16400.0000,0.0000,0.0000,0.0000,0.0000,0.0000,0.0000,0.0000,0.0000,0.0000,0.0000,0.0000,1640,0,0,0,"<LineString><coordinates>-111.938888,40.594017,0.0 -111.938996,40.590848,0.0</coordinates></LineString>",5113,11160,2545,2153,1851,1603,1616,1653,1656,1633,1615,1638,1649,1626,1637,1634,1640,2.5473,4.6997,3.0631,21.3978,24.1617,23.7134,21.4231,21.0770,25.0384,20.7629,17.9721,25.0044,22.5262,24.6383,24.8375,
5117,11255,h,930,1050,1074,423.7000,1.2674,0.0000,32.0000,26.5271,83,B,0,0.0000,1074,0.0000,0.0000,10740.0000,0.0000,0.0000,0.0000,0.0000,0.0000,0.0000,0.0000,0.0000,0.0000,0.0000,0.0000,1074,0,0,0,"<LineString><coordinates>-111.910220,40.587599,0.0 -111.907881,40.587695,0.0</coordinates></LineString>",5117,11255,1555,1331,1139,1079,1081,1075,1066,1085,1076,1069,1070,1063,1080,1079,1074,24.9277,25.6989,25.0543,25.7145,25.6430,25.5290,26.0637,26.6508,25.4136,25.5102,25.9715,26.1474,25.8256,25.7487,26.5271,
5118,5727,h,930,1050,1160,423.7000,1.3689,0.0000,32.0000,23.4809,73,B,0,0.0000,1160,0.0000,0.0000,11600.0000,0.0000,0.0000,0.0000,0.0000,0.0000,0.0000,0.0000,0.0000,0.0000,0.0000,0.0000,1160,0,0,0,"<LineString><coordinates>-111.904261,40.587896,0.0 -111.902134,40.587882,0.0</coordinates></LineString>",5118,5727,1160,1160,1160,1160,1160,1160,1160,1160,1160,1160,1160,1160,1160,1160,1160,27.8631,26.1212,23.7835,22.1914,22.9223,21.3361,22.8303,22.1097,23.0323,22.7086,23.4970,23.2413,24.3356,22.8527,23.4809,
5174,5868,a,930,1050,1060,407.2000,1.3016,0.0000,36.0000,19.4939,54,C,0,0.0000,1060,0.0000,0.0000,10600.0000,8.2697,2.7419,5.5279,7.5317,2.5113,5.0204,0.0000,0.0000,0.0000,0.0000,0.0000,1060,0,0,0,"<LineString><coordinates>-111.913876,40.558953,0.0 -111.910194,40.558742,0.0</coordinates></LineString>",5174,5868,968,996,1020,1038,1077,1073,1073,1063,1068,1067,1066,1073,1064,1057,1060,21.8960,20.4477,20.0466,19.7436,19.1926,19.0749,19.0489,19.5127,19.2715,19.6540,19.4541,19.3855,19.4431,19.0641,19.4939,
5208,11261,a,930,1050,1014,407.2000,1.2451,0.0000,36.0000,28.3241,79,B,0,0.0000,1014,0.0000,0.0000,10140.0000,7.8869,2.6124,5.2746,7.1117,2.3695,4.7422,0.0000,0.0000,0.0000,0.0000,0.0000,1014,0,0,0,"<LineString><coordinates>-111.938693,40.562167,0.0 -111.934612,40.562180,0.0</coordinates></LineString>",5208,11261,985,1023,1030,1003,1046,1045,1037,1022,1026,1029,1027,1032,1021,1012,1014,32.0189,29.6362,28.2003,28.0423,28.3332,27.9374,28.8791,28.6021,28.2948,28.8756,28.6773,28.6890,28.0276,29.0344,28.3241,
5209,5211,h,930,1050,1095,446.0000,1.2276,0.0000,39.0000,33.3475,86,B,1,0.0000,1095,1095.0000,109500.0000,10950.0000,0.0000,0.0000,0.0000,0.0000,0.0000,0.0000,0.0000,0.0000,0.0000,0.0000,0.0000,1095,0,0,0,"<LineString><coordinates>-111.938620,40.568082,0.0 -111.938569,40.573110,0.0</coordinates></LineString>",5209,5211,1386,1194,1109,1051,1046,1054,1049,1066,1063,1078,1084,1074,1086,1095,1095,4.9206,33.7065,33.8453,35.0837,34.4718,33.7202,33.7415,34.1088,33.9381,33.4508,33.1243,33.6725,33.6543,33.8023,33.3475,
5210,5211,h,930,1050,1547,446.0000,1.7343,0.0000,39.0000,29.1305,75,B,0,0.0000,1547,0.0000,0.0000,15470.0000,0.0000,0.0000,0.0000,0.0000,0.0000,0.0000,0.0000,0.0000,0.0000,0.0000,0.0000,1547,0,0,0,"<LineString><coordinates>-111.938859,40.576959,0.0 -111.938805,40.573109,0.0</coordinates></LineString>",5210,5211,1347,1325,1330,1309,1382,1437,1493,1511,1511,1537,1558,1560,1552,1545,1547,36.0887,33.9813,32.7454,31.9590,32.3835,31.1874,31.1177,30.0729,30.7840,29.7951,28.5331,27.3687,27.8759,27.9590,29.1305,
5210,11172,h,930,1050,1390,446.0000,1.5583,0.0000,39.0000,33.6853,86,B,1,0.0000,1390,1390.0000,139000.0000,13900.0000,0.0000,0.0000,0.0000,0.0000,0.0000,0.0000,0.0000,0.0000,0.0000,0.0000,0.0000,1390,0,0,0,"<LineString><coordinates>-111.938623,40.576962,0.0 -111.938701,40.584172,0.0</coordinates></LineString>",5210,11172,1730,1491,1374,1291,1289,1317,1312,1343,1336,1353,1369,1362,1380,1389,1390,2.1230,7.5652,33.9403,34.3060,34.7935,33.2797,34.5530,34.1586,33.8026,33.4935,33.3099,33.9544,33.5195,33.2705,33.6853,
5211,5209,h,930,1050,1096,446.0000,1.2287,0.0000,39.0000,36.1640,93,A,1,0.0000,1096,1096.0000,109600.0000,10960.0000,0.0000,0.0000,0.0000,0.0000,0.0000,0.0000,0.0000,0.0000,0.0000,0.0000,0.0000,1096,0,0,0,"<LineString><coordinates>-111.938805,40.573112,0.0 -111.938856,40.568084,0.0</coordinates></LineString>",5211,5209,1214,1113,1063,1022,1073,1086,1091,1091,1088,1094,1096,1096,1099,1096,1096,37.1954,37.0379,36.5202,36.4386,36.0278,36.1624,35.9100,36.3985,35.8208,35.9508,35.9605,36.4581,36.0775,36.4905,36.1640,
5211,5210,h,930,1050,1171,446.0000,1.3128,0.0000,39.0000,32.5717,84,B,0,0.0000,1171,0.0000,0.0000,11710.0000,0.0000,0.0000,0.0000,0.0000,0.0000,0.0000,0.0000,0.0000,0.0000,0.0000,0.0000,1171,0,0,0,"<LineString><coordinates>-111.938569,40.573113,0.0 -111.938623,40.576963,0.0</coordinates></LineString>",5211,5210,1483,1273,1175,1108,1099,1115,1111,1134,1132,1147,1156,1147,1162,1171,1171,2.8528,32.4032,32.9175,33.6222,34.3176,34.1435,33.2586,33.4207,33.3211,33.0878,32.3605,33.1602,32.7365,32.5602,32.5717,
5214,11259,a,930,1050,1052,407.2000,1.2917,0.0000,36.0000,24.9163,69,C,0,0.0000,1052,0.0000,0.0000,10520.0000,7.9500,2.6402,5.3098,7.4582,2.4865,4.9718,0.0000,0.0000,0.0000,0.0000,0.0000,1052,0,0,0,"<LineString><coordinates>-111.929216,40.562082,0.0 -111.926746,40.561891,0.0</coordinates></LineString>",5214,11259,940,970,998,1019,1059,1058,1059,1050,1056,1055,1055,1063,1054,1049,1052,29.7641,28.6560,27.9003,27.2462,26.4969,26.0576,26.3737,27.6179,26.5997,26.1824,26.6466,25.1569,25.4793,26.2718,24.9163,
5436,5578,h,930,1050,1143,284.8000,1.3378,0.0000,39.0000,38.9989,100,A,1,0.0000,1143,1143.0000,114300.0000,11430.0000,0.0000,0.0000,0.0000,0.0000,0.0000,0.0000,0.0000,0.0000,0.0000,0.0000,0.0000,1143,0,0,0,"<LineString><coordinates>-111.938624,40.624085,0.0 -111.938642,40.630427,0.0</coordinates></LineString>",5436,5578,1143,1143,1143,1143,1143,1143,1143,1143,1143,1143,1143,1143,1143,1143,1143,38.9989,38.9989,38.9989,38.9989,38.9989,38.9989,38.9989,38.9989,38.9989,38.9989,38.9989,38.9989,38.9989,38.9989,38.9989,
5524,5863,a,930,1050,1141,407.2000,1.4010,0.0000,36.0000,33.2698,92,A,1,0.0000,1141,1141.0000,114100.0000,11410.0000,10.2263,3.3696,6.8567,8.2851,2.7659,5.5192,0.0000,0.0000,0.0000,0.0000,0.0000,1141,0,0,0,"<LineString><coordinates>-111.925467,40.608614,0.0 -111.916763,40.610148,0.0</coordinates></LineString>",5524,5863,1225,1261,1294,1288,1260,1230,1214,1183,1176,1176,1172,1160,1145,1141,1141,33.7815,33.6503,33.6350,32.6714,32.6050,32.8215,32.7951,33.5689,33.4896,33.2243,33.3720,32.9498,33.2837,33.2543,33.2698,
5587,5174,a,930,1050,1033,407.2000,1.2684,0.0000,36.0000,23.3842,65,C,0,0.0000,1033,0.0000,0.0000,10330.0000,8.7339,2.8914,5.8426,7.6175,2.5453,5.0722,0.0000,0.0000,0.0000,0.0000,0.0000,1033,0,0,0,"<LineString><coordinates>-111.919287,40.560194,0.0 -111.913896,40.558956,0.0</coordinates></LineString>",5587,5174,944,970,997,1014,1052,1049,1044,1034,1039,1038,1037,1044,1035,1030,1033,25.8599,24.6379,23.9318,23.5395,23.6016,23.0237,22.7789,23.7457,23.0694,23.6866,23.3189,23.0922,23.2544,23.2964,23.3842,
5589,5114,h,930,1050,1330,446.0000,1.4910,0.0000,39.0000,32.9723,85,B,1,0.0000,1330,1330.0000,133000.0000,13300.0000,0.0000,0.0000,0.0000,0.0000,0.0000,0.0000,0.0000,0.0000,0.0000,0.0000,0.0000,1330,0,0,0,"<LineString><coordinates>-111.934063,40.587663,0.0 -111.929195,40.587676,0.0</coordinates></LineString>",5589,5114,2144,1930,1830,1718,1530,1440,1452,1388,1408,1381,1336,1331,1346,1337,1330,31.6208,27.6029,14.4539,18.8820,29.1705,32.2035,29.9832,31.9635,30.4431,31.7883,33.4759,32.9262,32.2293,32.8809,32.9723,
5727,5119,h,930,1050,1160,423.7000,1.3689,0.0000,32.0000,31.9957,100,A,0,0.0000,1160,0.0000,0.0000,11600.0000,0.0000,0.0000,0.0000,0.0000,0.0000,0.0000,0.0000,0.0000,0.0000,0.0000,0.0000,1160,0,0,0,"<LineString><coordinates>-111.902136,40.587882,0.0 -111.901033,40.587853,0.0</coordinates></LineString>",5727,5119,1160,1160,1160,1160,1160,1160,1160,1160,1160,1160,1160,1160,1160,1160,1160,31.9957,31.9957,31.9957,31.9957,31.9957,31.9957,31.9957,31.9957,31.9957,31.9957,31.9957,31.9957,31.9957,31.9957,31.9957,
5736,11146,h,930,1050,1647,284.8000,1.9277,0.0000,43.0000,24.3214,57,C,0,0.0000,1647,0.0000,0.0000,16470.0000,0.0000,0.0000,0.0000,0.0000,0.0000,0.0000,0.0000,0.0000,0.0000,0.0000,0.0000,1647,0,0,0,"<LineString><coordinates>-111.938577,40.602348,0.0 -111.938740,40.605903,0.0</coordinates></LineString>",5736,11146,2448,2137,1878,1626,1617,1670,1587,1638,1567,1611,1657,1614,1624,1645,1647,23.0149,20.9888,19.2386,21.4080,24.9665,21.9104,21.9901,19.6510,27.2531,27.2375,26.2306,27.2203,28.8609,22.6238,24.3214,
5736,11148,h,930,1050,1552,284.8000,1.8165,0.0000,43.0000,26.7161,62,C,0,0.0000,1552,0.0000,0.0000,15520.0000,0.0000,0.0000,0.0000,0.0000,0.0000,0.0000,0.0000,0.0000,0.0000,0.0000,0.0000,1552,0,0,0,"<LineString><coordinates>-111.938813,40.602347,0.0 -111.938911,40.599043,0.0</coordinates></LineString>",5736,11148,2433,2046,1745,1516,1535,1565,1568,1544,1528,1549,1557,1537,1549,1546,1552,11.9300,7.0499,9.8280,28.2181,23.7060,25.0323,27.3433,26.5789,29.2131,27.1630,25.6804,27.6915,27.9046,28.6218,26.7161,
5863,5009,a,930,1050,1141,407.2000,1.4010,0.0000,36.0000,18.2578,51,C,0,0.0000,1141,0.0000,0.0000,11410.0000,9.5856,3.1882,6.3974,8.7755,2.9394,5.8361,0.0000,0.0000,0.0000,0.0000,0.0000,1141,0,0,0,"<LineString><coordinates>-111.916777,40.610147,0.0 -111.913165,40.610352,0.0</coordinates></LineString>",5863,5009,1225,1261,1294,1288,1260,1230,1214,1183,1176,1176,1172,1160,1145,1141,1141,18.3016,17.8127,17.5402,17.4060,17.6551,17.7064,17.7554,17.7665,17.7706,17.7689,17.8468,18.0244,17.8943,18.0648,18.2578,
11146,5017,h,930,1050,1441,284.8000,1.6866,0.0000,43.0000,30.4105,71,B,0,0.0000,1441,0.0000,0.0000,14410.0000,0.0000,0.0000,0.0000,0.0000,0.0000,0.0000,0.0000,0.0000,0.0000,0.0000,0.0000,1441,0,0,0,"<LineString><coordinates>-111.938740,40.605894,0.0 -111.938633,40.609513,0.0</coordinates></LineString>",11146,5017,1590,1540,1490,1447,1445,1453,1429,1439,1423,1429,1437,1433,1435,1436,1441,38.1513,36.4474,32.7507,30.1486,29.2042,30.4365,30.2735,30.2909,28.4407,30.8163,30.8595,30.1147,29.9307,30.6331,30.4105,
11146,5736,h,930,1050,1519,284.8000,1.7779,0.0000,43.0000,29.2627,68,C,0,0.0000,1519,0.0000,0.0000,15190.0000,0.0000,0.0000,0.0000,0.0000,0.0000,0.0000,0.0000,0.0000,0.0000,0.0000,0.0000,1519,0,0,0,"<LineString><coordinates>-111.938976,40.605893,0.0 -111.938813,40.602338,0.0</coordinates></LineString>",11146,5736,2393,2016,1720,1500,1510,1535,1536,1510,1495,1516,1525,1505,1517,1514,1519,1.5250,1.5962,7.7213,27.8276,27.7764,22.9138,26.9597,26.0707,27.1439,26.0108,27.5994,28.4276,26.3390,26.0740,29.2627,
11148,5113,h,930,1050,1587,284.8000,1.8574,0.0000,43.0000,29.1662,68,C,1,0.0000,1587,1587.0000,158700.0000,15870.0000,0.0000,0.0000,0.0000,0.0000,0.0000,0.0000,0.0000,0.0000,0.0000,0.0000,0.0000,1587,0,0,0,"<LineString><coordinates>-111.938911,40.599038,0.0 -111.938888,40.594012,0.0</coordinates></LineString>",11148,5113,2490,2103,1803,1558,1569,1604,1608,1582,1564,1587,1597,1574,1585,1581,1587,5.0010,8.2600,15.4073,31.3263,32.7815,30.5131,25.3666,28.6683,31.9352,33.7266,28.8977,31.9786,32.7638,31.5005,29.1662,
11148,5736,h,930,1050,1659,284.8000,1.9417,0.0000,43.0000,20.9161,49,D,0,0.0000,1659,0.0000,0.0000,16590.0000,0.0000,0.0000,0.0000,0.0000,0.0000,0.0000,0.0000,0.0000,0.0000,0.0000,0.0000,1659,0,0,0,"<LineString><coordinates>-111.938675,40.599035,0.0 -111.938577,40.602339,0.0</coordinates></LineString>",11148,5736,2467,2146,1882,1621,1621,1679,1598,1651,1579,1623,1668,1625,1635,1656,1659,22.7132,18.9270,12.3907,21.9373,27.2288,24.2310,22.6970,23.6175,25.9783,26.4988,25.1549,21.3305,19.4902,25.6281,20.9161,
11159,5112,h,930,1050,1416,446.0000,1.5874,4.2866,39.0000,26.2992,67,C,1,0.0000,1416,1416.0000,141600.0000,14160.0000,0.0000,0.0000,0.0000,0.0000,0.0000,0.0000,0.0000,0.0000,0.0000,0.0000,0.0000,1416,0,0,0,"<LineString><coordinates>-111.943604,40.587644,0.0 -111.938730,40.587644,0.0</coordinates></LineString>",11159,5112,1416,1416,1416,1416,1416,1416,1416,1416,1416,1416,1416,1416,1416,1416,1416,1.5047,5.8087,26.5208,25.7882,26.5185,26.6239,25.5426,26.4820,25.6962,26.2465,26.1064,25.9622,26.4404,25.4405,26.2992,
11160,5112,h,930,1050,1592,284.8000,1.8633,0.0000,43.0000,26.0894,61,C,0,0.0000,1592,0.0000,0.0000,15920.0000,0.0000,0.0000,0.0000,0.0000,0.0000,0.0000,0.0000,0.0000,0.0000,0.0000,0.0000,1592,0,0,0,"<LineString><coordinates>-111.938996,40.590838,0.0 -111.938848,40.587756,0.0</coordinates></LineString>",11160,5112,2483,2128,1859,1653,1619,1594,1596,1578,1554,1581,1596,1576,1588,1586,1592,16.0679,19.3023,16.0290,16.4747,16.5107,29.4640,28.2161,25.2099,28.8580,29.4023,26.9330,28.8956,28.2317,28.9047,26.0894,
11160,5113,h,930,1050,1669,284.8000,1.9534,0.0000,43.0000,20.9696,49,D,0,0.0000,1669,0.0000,0.0000,16690.0000,0.0000,0.0000,0.0000,0.0000,0.0000,0.0000,0.0000,0.0000,0.0000,0.0000,0.0000,1669,0,0,0,"<LineString><coordinates>-111.938760,40.590840,0.0 -111.938652,40.594009,0.0</coordinates></LineString>",11160,5113,2526,2176,1887,1616,1621,1683,1598,1660,1584,1632,1681,1634,1643,1663,1669,4.4661,2.5537,5.7322,19.0660,21.2633,18.0990,25.0117,15.7163,20.3650,20.4211,16.3438,18.7479,20.6314,16.0282,20.9696,
11172,5112,h,930,1050,1504,446.0000,1.6861,0.0000,39.0000,29.7035,76,B,0,0.0000,1504,0.0000,0.0000,15040.0000,0.0000,0.0000,0.0000,0.0000,0.0000,0.0000,0.0000,0.0000,0.0000,0.0000,0.0000,1504,0,0,0,"<LineString><coordinates>-111.938701,40.584168,0.0 -111.938612,40.587759,0.0</coordinates></LineString>",11172,5112,1958,1669,1508,1424,1414,1443,1439,1470,1461,1479,1494,1484,1498,1504,1504,1.7491,2.8535,30.7110,31.0371,30.7390,31.6560,31.7029,30.6514,31.1105,30.5573,30.7166,30.7182,30.3599,29.1168,29.7035,
11172,5210,h,930,1050,1595,446.0000,1.7881,0.0000,39.0000,33.2680,85,B,1,0.0000,1595,1595.0000,159500.0000,15950.0000,0.0000,0.0000,0.0000,0.0000,0.0000,0.0000,0.0000,0.0000,0.0000,0.0000,0.0000,1595,0,0,0,"<LineString><coordinates>-111.938937,40.584170,0.0 -111.938859,40.576960,0.0</coordinates></LineString>",11172,5210,1418,1386,1378,1347,1420,1478,1534,1555,1556,1582,1602,1604,1598,1592,1595,37.5686,37.0495,36.4014,35.5521,34.8168,34.0251,33.5277,32.5551,34.0816,33.2524,34.2464,32.8464,33.8541,33.4933,33.2680,
11255,5118,h,930,1050,1074,423.7000,1.2674,0.0000,32.0000,28.6362,89,B,1,0.0000,1074,1074.0000,107400.0000,10740.0000,0.0000,0.0000,0.0000,0.0000,0.0000,0.0000,0.0000,0.0000,0.0000,0.0000,0.0000,1074,0,0,0,"<LineString><coordinates>-111.907879,40.587695,0.0 -111.904253,40.587896,0.0</coordinates></LineString>",11255,5118,1555,1331,1139,1079,1081,1075,1066,1085,1076,1069,1070,1063,1080,1079,1074,28.6614,28.8061,28.9236,29.3628,28.9711,29.3620,29.8658,29.2006,29.1361,29.2510,29.3571,29.1761,29.2706,29.1728,28.6362,
11259,5587,a,930,1050,1023,407.2000,1.2561,0.0000,36.0000,24.4109,68,C,0,0.0000,1023,0.0000,0.0000,10230.0000,9.0436,2.9847,6.0589,7.5138,2.5101,5.0038,0.0000,0.0000,0.0000,0.0000,0.0000,1023,0,0,0,"<LineString><coordinates>-111.926763,40.561893,0.0 -111.919286,40.560193,0.0</coordinates></LineString>",11259,5587,924,951,979,997,1035,1033,1031,1022,1028,1027,1026,1034,1025,1020,1023,24.8820,24.8618,24.8065,24.2867,24.5248,24.5379,24.4128,24.5893,24.6095,24.6338,24.4309,24.3958,24.5529,24.4611,24.4109,
5175,11507,a,930,1050,1121,300.0000,1.8683,0.0000,35.0000,16.2908,47,D,1,0.0000,1121,1121.0000,112100.0000,11210.0000,8.5880,2.8552,5.7328,8.0975,2.7024,5.3950,0.0000,0.0000,0.0000,0.0000,0.0000,1121,0,0,0,"<LineString><coordinates>-111.904463,40.569667,0.0 -111.904630,40.568397,0.0 -111.902642,40.562364,0.0</coordinates></LineString>",5175,11507,1156,1154,1147,1146,1112,1115,1117,1120,1118,1120,1119,1120,1122,1124,1121,29.1282,21.4524,15.5281,10.3095,15.8356,16.9398,16.3299,16.3611,16.2912,16.1487,16.4671,15.5828,16.8732,15.6993,16.2908,
5592,1,h,930,1050,1558,423.7000,1.8386,0.0000,32.0000,15.1061,47,D,0,0.0000,1558,0.0000,0.0000,15580.0000,0.0000,0.0000,0.0000,0.0000,0.0000,0.0000,0.0000,0.0000,0.0000,0.0000,0.0000,1558,0,0,0,"<LineString><coordinates>-111.922175,40.587624,0.0 -111.920177,40.587620,0.0</coordinates></LineString>",5592,1,2377,2025,1728,1601,1549,1532,1515,1556,1548,1535,1529,1526,1563,1562,1558,2.9592,7.6429,11.9129,15.3431,16.1861,15.3163,15.1482,14.3715,12.6960,15.8493,14.8285,15.7335,15.0004,14.7150,15.1061,
1,2,h,930,1050,1558,423.7000,1.8386,0.0000,32.0000,13.9319,44,D,0,0.0000,1558,0.0000,0.0000,15580.0000,0.0000,0.0000,0.0000,0.0000,0.0000,0.0000,0.0000,0.0000,0.0000,0.0000,0.0000,1558,0,0,0,"<LineString><coordinates>-111.920177,40.587620,0.0 -111.918417,40.587616,0.0</coordinates></LineString>",1,2,2377,2025,1728,1601,1549,1532,1515,1556,1548,1535,1529,1526,1563,1562,1558,4.3552,4.9719,12.7655,14.9516,18.1132,19.6435,20.1323,17.9918,18.4757,18.3450,20.1331,18.7980,17.0210,19.3002,13.9319,
2,3,h,930,1050,1558,423.7000,1.8386,0.0000,32.0000,18.6585,58,C,1,0.0000,1558,1558.0000,155800.0000,15580.0000,0.0000,0.0000,0.0000,0.0000,0.0000,0.0000,0.0000,0.0000,0.0000,0.0000,0.0000,1558,0,0,0,"<LineString><coordinates>-111.918417,40.587616,0.0 -111.916477,40.587612,0.0</coordinates></LineString>",2,3,2377,2025,1728,1601,1549,1532,1515,1556,1548,1535,1529,1526,1563,1562,1558,9.9498,4.9943,11.6638,17.4121,18.2011,17.6692,20.0894,18.0879,17.6674,18.9881,17.5880,19.3509,20.2386,19.1141,18.6585,
3,4,h,930,1050,1558,423.7000,1.8386,0.0000,32.0000,19.6692,61,C,0,0.0000,1558,0.0000,0.0000,15580.0000,0.0000,0.0000,0.0000,0.0000,0.0000,0.0000,0.0000,0.0000,0.0000,0.0000,0.0000,1558,0,0,0,"<LineString><coordinates>-111.916477,40.587612,0.0 -111.914379,40.587608,0.0</coordinates></LineString>",3,4,2377,2025,1728,1601,1549,1532,1515,1556,1548,1535,1529,1526,1563,1562,1558,7.6023,10.1621,15.1886,17.5724,19.9751,17.3968,21.8864,19.1202,17.0849,19.3126,19.2183,20.2553,17.0929,18.6127,19.6692,
4,5,h,930,1050,1558,423.7000,1.8386,0.0000,32.0000,16.8209,53,C,0,0.0000,1558,0.0000,0.0000,15580.0000,0.0000,0.0000,0.0000,0.0000,0.0000,0.0000,0.0000,0.0000,0.0000,0.0000,0.0000,1558,0,0,0,"<LineString><coordinates>-111.914379,40.587608,0.0 -111.912416,40.587604,0.0</coordinates></LineString>",4,5,2377,2025,1728,1601,1549,1532,1515,1556,1548,1535,1529,1526,1563,1562,1558,11.8647,12.9532,18.5637,14.1409,18.0356,18.5872,20.7793,17.6558,18.6791,17.8916,19.0904,21.2687,20.8897,15.7397,16.8209,
5,5117,h,930,1050,1558,423.7000,1.8386,0.0000,32.0000,17.0882,53,C,0,0.0000,1558,0.0000,0.0000,15580.0000,0.0000,0.0000,0.0000,0.0000,0.0000,0.0000,0.0000,0.0000,0.0000,0.0000,0.0000,1558,0,0,0,"<LineString><coordinates>-111.912416,40.587604,0.0 -111.910225,40.587599,0.0</coordinates></LineString>",5,5117,2377,2025,1728,1601,1549,1532,1515,1556,1548,1535,1529,1526,1563,1562,1558,8.3052,9.1722,17.1103,19.4284,19.8415,20.5900,21.5617,17.3892,19.1144,19.5570,18.7308,19.5207,16.9797,19.7067,17.0882,


--MOE Group 9--
Detailed Data:,output_ODMOE.csv
origin_zone_no,destination_zone_no,number_of_vehicles,number_of_vehicles_completing_trips,trip_time_in_min,distance_in_mile
1,9,67,67,14.0602,5.9406
1,11,90,90,11.1626,4.4986
1,14,56,56,5.1225,2.0324
1,21,51,51,13.5258,6.3176
1,24,67,67,10.1857,4.0240
1,41,89,89,1.3215,0.6245
2,9,50,50,12.4665,5.0801
2,11,68,68,9.5545,3.6053
2,24,51,51,8.8161,3.3473
2,41,67,67,3.1069,1.7046
3,9,101,101,8.5293,3.6399
3,11,135,135,6.0632,2.4445
3,13,68,68,9.2493,3.4308
3,14,84,84,10.1269,3.9165
3,21,78,78,8.1045,3.8833
3,24,102,102,7.0759,2.7885
3,34,68,68,3.2152,1.2605
3,41,134,134,6.9547,3.3605
6,11,62,62,9.4495,4.2427
6,41,61,61,10.6258,5.3987
17,9,51,51,12.9623,4.9640
17,11,68,68,9.6808,3.8090
17,24,51,51,9.0321,3.3129
17,41,67,67,2.2831,1.2065
34,11,51,51,6.8081,2.5642
34,41,51,51,4.8430,2.4561


--MOE Group 10--
Detailed Data:,output_PathMOE.csv
