CPU_time,iteration_no,avg_travel_time_in_min,travel_time_index,avg_travel_distance_in_mile,vehicle_route_switching_rate,number_of_vehicles_completing_trips,perc_of_vehicles_completing_trips,avg_travel_time_gap_per_vehicle_in_min,target_demand_deviation,abs_estimation_error_of_link_volume,RMSE_of_est_link_volume,avg_abs_perc_error_of_est_link_volume, 
Avg abs MOE error=, 359.130Average Path flow Estimation MAPE =,94.165 %
CPU Clock: 00:00:02 --,0,22.132,4.546,3.131,100.000,12638,100.000%,0.000,0.000,359.130,0.000,94.165
Avg abs MOE error=, 347.799Average Path flow Estimation MAPE =,96.355 %
CPU Clock: 00:00:03 --,1,14.537,2.847,3.154,8.071,12638,100.000%,14.217,0.000,347.799,0.000,96.355
Avg abs MOE error=, 347.797Average Path flow Estimation MAPE =,101.470 %
CPU Clock: 00:00:03 --,2,9.973,1.915,3.172,6.797,12638,100.000%,6.594,0.000,347.797,0.000,101.470
Avg abs MOE error=, 346.799Average Path flow Estimation MAPE =,102.572 %
CPU Clock: 00:00:04 --,3,7.767,1.474,3.177,6.306,12638,100.000%,2.494,0.000,346.799,0.000,102.572
Avg abs MOE error=, 346.780Average Path flow Estimation MAPE =,101.582 %
CPU Clock: 00:00:05 --,4,7.532,1.432,3.168,4.779,12638,100.000%,0.526,0.000,346.780,0.000,101.582
Avg abs MOE error=, 345.801Average Path flow Estimation MAPE =,100.668 %
CPU Clock: 00:00:05 --,5,7.627,1.455,3.157,4.795,12638,100.000%,0.443,0.000,345.801,0.000,100.668
Avg abs MOE error=, 346.363Average Path flow Estimation MAPE =,101.122 %
CPU Clock: 00:00:06 --,6,7.429,1.416,3.154,4.186,12638,100.000%,0.432,0.000,346.363,0.000,101.122
Avg abs MOE error=, 345.220Average Path flow Estimation MAPE =,100.580 %
CPU Clock: 00:00:07 --,7,7.589,1.451,3.146,3.054,12638,100.000%,0.386,0.000,345.220,0.000,100.580
Avg abs MOE error=, 345.699Average Path flow Estimation MAPE =,100.579 %
CPU Clock: 00:00:08 --,8,7.383,1.412,3.142,2.777,12638,100.000%,0.373,0.000,345.699,0.000,100.579
Avg abs MOE error=, 346.241Average Path flow Estimation MAPE =,101.092 %
CPU Clock: 00:00:08 --,9,7.368,1.412,3.139,2.231,12638,100.000%,0.316,0.000,346.241,0.000,101.092
Avg abs MOE error=, 345.810Average Path flow Estimation MAPE =,100.696 %
CPU Clock: 00:00:09 --,10,7.453,1.431,3.135,1.907,12638,100.000%,0.308,0.000,345.810,0.000,100.696
Avg abs MOE error=, 346.385Average Path flow Estimation MAPE =,100.822 %
CPU Clock: 00:00:10 --,11,7.359,1.413,3.132,1.733,12638,100.000%,0.314,0.000,346.385,0.000,100.822
Avg abs MOE error=, 345.665Average Path flow Estimation MAPE =,100.100 %
CPU Clock: 00:00:10 --,12,7.361,1.415,3.129,1.567,12638,100.000%,0.282,0.000,345.665,0.000,100.100
Avg abs MOE error=, 346.218Average Path flow Estimation MAPE =,100.714 %
CPU Clock: 00:00:11 --,13,7.350,1.414,3.127,1.337,12638,100.000%,0.252,0.000,346.218,0.000,100.714
Avg abs MOE error=, 346.265Average Path flow Estimation MAPE =,100.473 %
CPU Clock: 00:00:12 --,14,7.387,1.422,3.126,1.147,12638,100.000%,0.262,0.000,346.265,0.000,100.473
