zone_id,production,attraction,origin_num_of_veh,origin_avg_distance,destination_num_of_veh,destination_avg_distance,color_code,height,notes,geometry
1,0.000000,0.000000,951,3.421422,248,3.073799,red,0.000000,,"<Polygon><outerBoundaryIs><LinearRing><coordinates>-111.940667,40.625617,0.0 -111.940667,40.621155,0.0 -111.947984,40.621155,0.0 -111.947984,40.625617,0.0 -111.940667,40.625617,0.0"</coordinates></LinearRing></outerBoundaryIs></Polygon>"
2,0.000000,0.000000,714,3.037597,198,2.557629,red,0.000000,,"<Polygon><outerBoundaryIs><LinearRing><coordinates>-111.940863,40.607852,0.0 -111.949905,40.607852,0.0 -111.949905,40.611808,0.0 -111.940863,40.611808,0.0 -111.940863,40.607852,0.0"</coordinates></LinearRing></outerBoundaryIs></Polygon>"
3,0.000000,0.000000,1416,2.858726,360,2.457330,red,0.000000,,"<Polygon><outerBoundaryIs><LinearRing><coordinates>-111.941048,40.589550,0.0 -111.941048,40.585838,0.0 -111.949661,40.585838,0.0 -111.949661,40.589550,0.0 -111.941048,40.589550,0.0"</coordinates></LinearRing></outerBoundaryIs></Polygon>"
4,0.000000,0.000000,69,3.235713,19,2.681291,red,0.000000,,"<Polygon><outerBoundaryIs><LinearRing><coordinates>-111.941093,40.575069,0.0 -111.941093,40.571143,0.0 -111.949730,40.571143,0.0 -111.949730,40.575069,0.0 -111.941093,40.575069,0.0"</coordinates></LinearRing></outerBoundaryIs></Polygon>"
5,0.000000,0.000000,496,3.588418,137,3.217694,red,0.000000,,"<Polygon><outerBoundaryIs><LinearRing><coordinates>-111.940593,40.564290,0.0 -111.940593,40.560078,0.0 -111.949445,40.560078,0.0 -111.949445,40.564290,0.0 -111.940593,40.564290,0.0"</coordinates></LinearRing></outerBoundaryIs></Polygon>"
6,0.000000,0.000000,665,3.954821,181,3.661505,red,0.000000,,"<Polygon><outerBoundaryIs><LinearRing><coordinates>-111.937738,40.555581,0.0 -111.937738,40.546087,0.0 -111.944377,40.546087,0.0 -111.944377,40.555581,0.0 -111.937738,40.555581,0.0"</coordinates></LinearRing></outerBoundaryIs></Polygon>"
7,0.000000,0.000000,469,3.619784,126,3.566819,red,0.000000,,"<Polygon><outerBoundaryIs><LinearRing><coordinates>-111.931171,40.557437,0.0 -111.926673,40.557437,0.0 -111.926673,40.549799,0.0 -111.931171,40.549799,0.0 -111.931171,40.557437,0.0"</coordinates></LinearRing></outerBoundaryIs></Polygon>"
8,0.000000,0.000000,73,2.808671,20,3.351672,red,0.000000,,"<Polygon><outerBoundaryIs><LinearRing><coordinates>-111.904299,40.557879,0.0 -111.901015,40.557879,0.0 -111.901015,40.551811,0.0 -111.904299,40.551811,0.0 -111.904299,40.557879,0.0"</coordinates></LinearRing></outerBoundaryIs></Polygon>"
9,0.000000,0.000000,335,3.103316,877,3.733135,red,0.000000,,"<Polygon><outerBoundaryIs><LinearRing><coordinates>-111.900051,40.560734,0.0 -111.894912,40.560734,0.0 -111.894912,40.556273,0.0 -111.900051,40.556273,0.0 -111.900051,40.560734,0.0"</coordinates></LinearRing></outerBoundaryIs></Polygon>"
10,0.000000,0.000000,28,3.057262,59,3.666112,red,0.000000,,"<Polygon><outerBoundaryIs><LinearRing><coordinates>-111.898588,40.571501,0.0 -111.890022,40.571501,0.0 -111.890022,40.567754,0.0 -111.898588,40.567754,0.0 -111.898588,40.571501,0.0"</coordinates></LinearRing></outerBoundaryIs></Polygon>"
11,0.000000,0.000000,433,2.792884,1160,3.153250,red,0.000000,,"<Polygon><outerBoundaryIs><LinearRing><coordinates>-111.901473,40.587206,0.0 -111.901473,40.591281,0.0 -111.894216,40.591281,0.0 -111.894216,40.587206,0.0 -111.901473,40.587206,0.0"</coordinates></LinearRing></outerBoundaryIs></Polygon>"
12,0.000000,0.000000,316,2.666687,29,3.073598,red,0.000000,,"<Polygon><outerBoundaryIs><LinearRing><coordinates>-111.907590,40.607506,0.0 -111.905115,40.607506,0.0 -111.905115,40.605388,0.0 -111.907590,40.605388,0.0 -111.907590,40.607506,0.0"</coordinates></LinearRing></outerBoundaryIs></Polygon>"
13,0.000000,0.000000,231,2.939015,602,3.159404,red,0.000000,,"<Polygon><outerBoundaryIs><LinearRing><coordinates>-111.904500,40.609472,0.0 -111.904500,40.613802,0.0 -111.894887,40.613802,0.0 -111.894887,40.609472,0.0 -111.904500,40.609472,0.0"</coordinates></LinearRing></outerBoundaryIs></Polygon>"
14,0.000000,0.000000,280,3.199799,730,3.440211,red,0.000000,,"<Polygon><outerBoundaryIs><LinearRing><coordinates>-111.905880,40.622273,0.0 -111.896410,40.622273,0.0 -111.896410,40.618799,0.0 -111.905880,40.618799,0.0 -111.905880,40.622273,0.0"</coordinates></LinearRing></outerBoundaryIs></Polygon>"
15,0.000000,0.000000,113,3.115481,278,3.346390,red,0.000000,,"<Polygon><outerBoundaryIs><LinearRing><coordinates>-111.908640,40.623511,0.0 -111.911686,40.623511,0.0 -111.911686,40.627984,0.0 -111.908640,40.627984,0.0 -111.908640,40.623511,0.0"</coordinates></LinearRing></outerBoundaryIs></Polygon>"
16,0.000000,0.000000,133,3.143299,347,3.000137,red,0.000000,,"<Polygon><outerBoundaryIs><LinearRing><coordinates>-111.930163,40.625512,0.0 -111.930163,40.632204,0.0 -111.927753,40.632204,0.0 -111.927753,40.625512,0.0 -111.930163,40.625512,0.0"</coordinates></LinearRing></outerBoundaryIs></Polygon>"
17,0.000000,0.000000,723,2.998208,259,2.651165,red,0.000000,,"<Polygon><outerBoundaryIs><LinearRing><coordinates>-111.936410,40.621101,0.0 -111.930652,40.621101,0.0 -111.930652,40.613249,0.0 -111.936410,40.613249,0.0 -111.936410,40.621101,0.0"</coordinates></LinearRing></outerBoundaryIs></Polygon>"
18,0.000000,0.000000,379,3.622006,257,3.338498,red,0.000000,,"<Polygon><outerBoundaryIs><LinearRing><coordinates>-111.935030,40.631808,0.0 -111.932365,40.631808,0.0 -111.932365,40.629001,0.0 -111.935030,40.629001,0.0 -111.935030,40.631808,0.0"</coordinates></LinearRing></outerBoundaryIs></Polygon>"
19,0.000000,0.000000,254,3.150440,341,2.789692,red,0.000000,,"<Polygon><outerBoundaryIs><LinearRing><coordinates>-111.935729,40.569958,0.0 -111.930791,40.569958,0.0 -111.930791,40.565735,0.0 -111.935729,40.565735,0.0 -111.935729,40.569958,0.0"</coordinates></LinearRing></outerBoundaryIs></Polygon>"
20,0.000000,0.000000,194,3.113767,252,3.119140,red,0.000000,,"<Polygon><outerBoundaryIs><LinearRing><coordinates>-111.925438,40.568887,0.0 -111.911934,40.568887,0.0 -111.911934,40.563534,0.0 -111.925438,40.563534,0.0 -111.925438,40.568887,0.0"</coordinates></LinearRing></outerBoundaryIs></Polygon>"
21,0.000000,0.000000,187,3.600102,679,3.990509,red,0.000000,,"<Polygon><outerBoundaryIs><LinearRing><coordinates>-111.916336,40.557109,0.0 -111.909912,40.557109,0.0 -111.909912,40.551458,0.0 -111.916336,40.551458,0.0 -111.916336,40.557109,0.0"</coordinates></LinearRing></outerBoundaryIs></Polygon>"
22,0.000000,0.000000,0,0.000000,348,3.403933,red,0.000000,,"<Polygon><outerBoundaryIs><LinearRing><coordinates>-111.901608,40.563753,0.0 -111.898781,40.563753,0.0 -111.898781,40.561468,0.0 -111.901608,40.561468,0.0 -111.901608,40.563753,0.0"</coordinates></LinearRing></outerBoundaryIs></Polygon>"
23,0.000000,0.000000,0,0.000000,162,3.636764,red,0.000000,,"<Polygon><outerBoundaryIs><LinearRing><coordinates>-111.904113,40.577700,0.0 -111.901448,40.577700,0.0 -111.901448,40.573417,0.0 -111.904113,40.573417,0.0 -111.904113,40.577700,0.0"</coordinates></LinearRing></outerBoundaryIs></Polygon>"
24,0.000000,0.000000,92,2.711862,901,3.101755,red,0.000000,,"<Polygon><outerBoundaryIs><LinearRing><coordinates>-111.906191,40.593586,0.0 -111.906191,40.591016,0.0 -111.908714,40.591016,0.0 -111.908714,40.593586,0.0 -111.906191,40.593586,0.0"</coordinates></LinearRing></outerBoundaryIs></Polygon>"
25,0.000000,0.000000,260,2.617848,59,2.512248,red,0.000000,,"<Polygon><outerBoundaryIs><LinearRing><coordinates>-111.926728,40.575176,0.0 -111.926728,40.585467,0.0 -111.920541,40.585467,0.0 -111.920541,40.575176,0.0 -111.926728,40.575176,0.0"</coordinates></LinearRing></outerBoundaryIs></Polygon>"
26,0.000000,0.000000,213,2.363445,123,2.169468,red,0.000000,,"<Polygon><outerBoundaryIs><LinearRing><coordinates>-111.924289,40.590167,0.0 -111.924289,40.596710,0.0 -111.915425,40.596710,0.0 -111.915425,40.590167,0.0 -111.924289,40.590167,0.0"</coordinates></LinearRing></outerBoundaryIs></Polygon>"
27,0.000000,0.000000,447,3.030954,184,2.493194,red,0.000000,,"<Polygon><outerBoundaryIs><LinearRing><coordinates>-111.941258,40.576046,0.0 -111.945719,40.576046,0.0 -111.945719,40.584969,0.0 -111.941258,40.584969,0.0 -111.941258,40.576046,0.0"</coordinates></LinearRing></outerBoundaryIs></Polygon>"
28,0.000000,0.000000,296,2.504071,272,2.971952,red,0.000000,,"<Polygon><outerBoundaryIs><LinearRing><coordinates>-111.913451,40.578959,0.0 -111.909436,40.578959,0.0 -111.909436,40.575866,0.0 -111.913451,40.575866,0.0 -111.913451,40.578959,0.0"</coordinates></LinearRing></outerBoundaryIs></Polygon>"
29,0.000000,0.000000,0,0.000000,0,0.000000,red,0.000000,,"<Polygon><outerBoundaryIs><LinearRing><coordinates>-111.912143,40.582588,0.0 -111.910447,40.582588,0.0 -111.910447,40.581160,0.0 -111.912143,40.581160,0.0 -111.912143,40.582588,0.0"</coordinates></LinearRing></outerBoundaryIs></Polygon>"
30,0.000000,0.000000,4,2.840792,115,3.105475,red,0.000000,,"<Polygon><outerBoundaryIs><LinearRing><coordinates>-111.903636,40.584700,0.0 -111.901227,40.584700,0.0 -111.901227,40.582172,0.0 -111.903636,40.582172,0.0 -111.903636,40.584700,0.0"</coordinates></LinearRing></outerBoundaryIs></Polygon>"
31,0.000000,0.000000,496,2.907865,359,2.387234,red,0.000000,,"<Polygon><outerBoundaryIs><LinearRing><coordinates>-111.941202,40.590083,0.0 -111.947246,40.590083,0.0 -111.947246,40.607358,0.0 -111.941202,40.607358,0.0 -111.941202,40.590083,0.0"</coordinates></LinearRing></outerBoundaryIs></Polygon>"
32,0.000000,0.000000,426,3.244646,243,2.759530,red,0.000000,,"<Polygon><outerBoundaryIs><LinearRing><coordinates>-111.941011,40.613328,0.0 -111.946770,40.613328,0.0 -111.946770,40.619134,0.0 -111.941011,40.619134,0.0 -111.941011,40.613328,0.0"</coordinates></LinearRing></outerBoundaryIs></Polygon>"
33,0.000000,0.000000,155,3.402261,104,2.856912,red,0.000000,,"<Polygon><outerBoundaryIs><LinearRing><coordinates>-111.941014,40.569523,0.0 -111.941014,40.565669,0.0 -111.947046,40.565669,0.0 -111.947046,40.569523,0.0 -111.941014,40.569523,0.0"</coordinates></LinearRing></outerBoundaryIs></Polygon>"
34,0.000000,0.000000,529,2.661832,585,2.177052,red,0.000000,,"<Polygon><outerBoundaryIs><LinearRing><coordinates>-111.931141,40.589287,0.0 -111.936995,40.589287,0.0 -111.936995,40.608513,0.0 -111.931141,40.608513,0.0 -111.931141,40.589287,0.0"</coordinates></LinearRing></outerBoundaryIs></Polygon>"
35,0.000000,0.000000,193,3.014773,90,2.726214,red,0.000000,,"<Polygon><outerBoundaryIs><LinearRing><coordinates>-111.926865,40.614954,0.0 -111.926865,40.620188,0.0 -111.922392,40.620188,0.0 -111.922392,40.614954,0.0 -111.926865,40.614954,0.0"</coordinates></LinearRing></outerBoundaryIs></Polygon>"
36,0.000000,0.000000,86,2.766970,142,3.154633,red,0.000000,,"<Polygon><outerBoundaryIs><LinearRing><coordinates>-111.909046,40.618189,0.0 -111.906976,40.618189,0.0 -111.906976,40.615144,0.0 -111.909046,40.615144,0.0 -111.909046,40.618189,0.0"</coordinates></LinearRing></outerBoundaryIs></Polygon>"
37,0.000000,0.000000,490,2.759528,271,2.376005,red,0.000000,,"<Polygon><outerBoundaryIs><LinearRing><coordinates>-111.936234,40.585768,0.0 -111.931534,40.585768,0.0 -111.931534,40.574703,0.0 -111.936234,40.574703,0.0 -111.936234,40.585768,0.0"</coordinates></LinearRing></outerBoundaryIs></Polygon>"
38,0.000000,0.000000,34,3.839118,243,3.614236,red,0.000000,,"<Polygon><outerBoundaryIs><LinearRing><coordinates>-111.937032,40.555331,0.0 -111.932570,40.555331,0.0 -111.932570,40.549870,0.0 -111.937032,40.549870,0.0 -111.937032,40.555331,0.0"</coordinates></LinearRing></outerBoundaryIs></Polygon>"
39,0.000000,0.000000,23,2.729326,94,3.401641,red,0.000000,,"<Polygon><outerBoundaryIs><LinearRing><coordinates>-111.909382,40.573388,0.0 -111.907022,40.573388,0.0 -111.907022,40.570856,0.0 -111.909382,40.570856,0.0 -111.909382,40.573388,0.0"</coordinates></LinearRing></outerBoundaryIs></Polygon>"
40,0.000000,0.000000,3,3.484510,41,3.057213,red,0.000000,,"<Polygon><outerBoundaryIs><LinearRing><coordinates>-111.914287,40.612389,0.0 -111.919379,40.612389,0.0 -111.919379,40.616958,0.0 -111.914287,40.616958,0.0 -111.914287,40.612389,0.0"</coordinates></LinearRing></outerBoundaryIs></Polygon>"
41,0.000000,0.000000,432,3.887505,1143,3.235636,red,0.000000,,"<Polygon><outerBoundaryIs><LinearRing><coordinates>-111.940727,40.627699,0.0 -111.940727,40.635610,0.0 -111.936325,40.635610,0.0 -111.936325,40.627699,0.0 -111.940727,40.627699,0.0"</coordinates></LinearRing></outerBoundaryIs></Polygon>"
