DTALite:
A Fast Open Source DTA Engine
Software Version =,1.001
Release Date=,November 1st 2012
Traffic Flow Model =,BPR Function
----------------------test1----------------------
# of Nodes=,149
# of Pretimed Signal=,15
# of Actuated Signal=,0
# of Link Types=,12
# of Links=,378
# of Zones=,41
# of Activity Locations=,93
# of Vehicle Types=,5
# of Demand Types=,4
# of Pricing Types=,0
# of VOT Records=,47
Demand Load Mode:
Reading demand file,input_demand.csv,cumulative # of agents=,12638,


# of incident records=0
# of VMS records=0
# of link-based toll records=0
# of work zone records=0
# of movement records=0

Demand multipler in setting file=,1
# of Vehicles to be simulated=,12638
Starting Time of Demand Loading (min)=,930
Ending Time of Demand Loading (min)=,1050
Output Emission data=,NO
# of assignment iterations=,14
# of CPU threads=,8
Assignment method=,Day to Day Learning
Percentage of considering to switch routes=,15
Travel time difference for route switching=,5
Relative Travel Time Indifference Band (%) for route switching=,15
 
Iteration #,CPU Running Time,# of agents,Avg Travel Time (min),Avg Trip Time (min),Avg Waiting Time at Origin (min),Avg Trip Time Index=(Mean TT/Free-flow TT),Avg Speed (mph),% considering to switch,% switched,% completing trips,network clearance time (in min),Avg UE gap (min),Relative UE gap (%),ODME: number of data points,ODME: Absolute link count error,ODME: % link count error,ODME: slope,ODME: r_squared,ODME: avg_simulated_to_avg_obs,
0,00:00:02,12638,44.0863,45.642,1.55568,9.1822,4.26121,100,100,100,1281,0,0, , , , , , ,
1,00:00:03,12638,28.4575,29.0341,0.57658,5.64607,6.66447,14.9865,7.98386,100,1228,35.7013,39.5814, , , , , , ,
2,00:00:04,12638,17.8067,17.8742,0.0675023,3.38634,10.7362,15.0103,7.3825,100,1176,20.3728,30.4018, , , , , , ,
3,00:00:05,12638,12.3501,12.3884,0.0383541,2.30304,15.5631,15.034,6.58332,100,1146,9.98112,22.7411, , , , , , ,
4,00:00:05,12638,10.3292,10.3675,0.038296,1.92429,18.6077,15.0024,4.98497,100,1116,4.93709,12.755, , , , , , ,
5,00:00:06,12638,8.78902,8.82733,0.0383157,1.63153,21.8676,14.9945,5.0087,100,1090,2.88807,10.9164, , , , , , ,
6,00:00:07,12638,8.20579,8.24411,0.0383145,1.5261,23.3977,14.2823,4.03545,100,1074,1.41387,8.20537, , , , , , ,
7,00:00:08,12638,8.06252,8.10082,0.0383059,1.50257,23.7702,12.5178,3.42618,100,1064,0.675384,6.09396, , , , , , ,
8,00:00:08,12638,7.85978,7.89812,0.0383306,1.46827,24.3549,11.1173,2.80899,100,1064,0.522275,5.28311, , , , , , ,
9,00:00:09,12638,7.77804,7.81635,0.0383108,1.45792,24.5494,10.0016,2.9435,100,1068,0.520164,5.56848, , , , , , ,
10,00:00:10,12638,8.08902,8.12734,0.0383232,1.51905,23.5618,9.09954,2.40544,100,1076,0.458233,4.96008, , , , , , ,
11,00:00:11,12638,7.93086,7.96917,0.0383096,1.49069,24.0155,8.31619,2.17598,100,1067,0.855946,6.4274, , , , , , ,
12,00:00:11,12638,7.81891,7.8572,0.0382848,1.47089,24.3441,7.699,1.55879,100,1064,0.475501,4.66503, , , , , , ,
13,00:00:12,12638,7.70406,7.74235,0.038291,1.45058,24.6894,7.11347,1.46384,100,1065,0.419426,4.3939, , , , , , ,
14,00:00:13,12638,7.75522,7.79352,0.0383083,1.46362,24.49,6.64662,1.22646,100,1065,0.381531,4.39802, , , , , , ,

--Time Dependent Network MOE--,60 min interval
time_stamp_in_min,time_clock,cumulative_in_flow_count,cumulative_out_flow_count,number_vehicles_in_network,total_out_flow,total_vehicle_mile_traveled,avg_trip_time (departure_time_based),avg_trip_time_index = trip time/FFTT,avg_distance,avg_speed,avg_waiting_time_at_origin,
900,15:00,0,0,0,0,0,0,0,0,0,0,

--Time Dependent Network MOE--,30 min interval
time_stamp_in_min,time_clock,cumulative_in_flow_count,cumulative_out_flow_count,number_vehicles_in_network,total_out_flow,total_vehicle_mile_traveled,avg_trip_time (departure_time_based),avg_trip_time_index = trip time/FFTT,avg_distance,avg_speed,avg_waiting_time_at_origin,
930,15:30,27,0,27,12150,41676.4,7.17281,1.29124,3.43015,28.693,0.0525241,
960,16:00,3019,2235,784,60750,211947,11.1186,1.8981,3.48884,18.827,0.0194992,
990,16:30,6221,5369,852,115650,366782,13.4894,2.55012,3.17148,14.1066,0.00568506,
1020,17:00,9367,8483,884,53550,175500,17.1486,3.06144,3.27731,11.4667,0.275397,
1050,17:30,12638,11708,930,187650,585289,16.0718,3.09149,3.11904,11.6442,0.550487,

--Time Dependent Network MOE--,15 min interval
time_stamp_in_min,time_clock,cumulative_in_flow_count,cumulative_out_flow_count,number_vehicles_in_network,total_out_flow,total_vehicle_mile_traveled,avg_trip_time (departure_time_based),avg_trip_time_index = trip time/FFTT,avg_distance,avg_speed,avg_waiting_time_at_origin,
930,15:30,27,0,27,6075,20838.2,7.17281,1.29124,3.43016,28.693,0.0525241,
945,15:45,1431,700,731,21600,72163.4,8.94467,1.63336,3.3409,22.4104,0.0308158,
960,16:00,3019,2235,784,30375,105973,11.1186,1.8981,3.48884,18.827,0.0194991,
975,16:15,4566,3807,759,22500,71988.4,11.8163,2.20389,3.19948,16.2461,0.0414221,
990,16:30,6221,5369,852,57825,183391,13.4894,2.55013,3.17148,14.1066,0.00568506,
1005,16:45,7754,6916,838,21825,68268.3,15.4061,2.93376,3.12799,12.1821,0.0648854,
1020,17:00,9367,8483,884,26775,87749.9,17.1486,3.06144,3.27731,11.4667,0.275397,
1035,17:15,10965,10101,864,25650,76788.1,15.6049,3.05336,2.99369,11.5106,0.447498,
1050,17:30,12638,11708,930,93825,292644,16.0718,3.09149,3.11904,11.6442,0.550488,
1065,17:45,12638,12638,0,0,0,0,0,0,0,0,

--Time Dependent Network MOE--,5 min interval
time_stamp_in_min,time_clock,cumulative_in_flow_count,cumulative_out_flow_count,number_vehicles_in_network,total_out_flow,total_vehicle_mile_traveled,avg_trip_time (departure_time_based),avg_trip_time_index = trip time/FFTT,avg_distance,avg_speed,avg_waiting_time_at_origin,
930,15:30,27,0,27,2025,6946.06,7.17281,1.29124,3.43016,28.693,0.0525241,
935,15:35,389,51,338,7425,23216.6,7.16953,1.40211,3.12681,26.1675,0.0573872,
940,15:40,899,268,631,7800,34617.3,11.671,1.5876,4.43812,22.8162,0.0750151,
945,15:45,1431,700,731,7200,24054.5,8.94468,1.63336,3.3409,22.4104,0.0308158,
950,15:50,1956,1189,767,9225,27275.4,8.42406,1.69119,2.95668,21.0588,0.0216303,
955,15:55,2544,1693,851,8850,28678.1,9.58796,1.77071,3.24046,20.2783,0.0572174,
960,16:00,3019,2235,784,10125,35324.5,11.1186,1.8981,3.48884,18.827,0.0194991,
965,16:05,3517,2750,767,6600,20039,9.99346,1.96256,3.03621,18.2292,0.0350897,
970,16:10,4087,3267,820,12525,40025.9,11.5122,2.14407,3.19568,16.6554,0.011449,
975,16:15,4566,3807,759,7500,23996.1,11.8163,2.20389,3.19948,16.2461,0.0414221,
980,16:20,5129,4325,804,7350,24901.6,12.1952,2.15079,3.38797,16.6687,0.043878,
985,16:25,5649,4840,809,6825,21267.5,11.0518,2.12556,3.11611,16.9173,0.0368572,
990,16:30,6221,5369,852,19275,61130.3,13.4894,2.55013,3.17148,14.1066,0.00568506,
995,16:35,6730,5864,866,9150,29841.3,14.3387,2.587,3.26135,13.647,0.0466179,
1000,16:40,7212,6400,812,7500,27823.6,16.4891,2.66307,3.70982,13.4991,0.038446,
1005,16:45,7754,6916,838,7275,22756.1,15.4061,2.93376,3.12799,12.1821,0.0648854,
1010,16:50,8293,7443,850,12525,40038.6,15.5031,2.85946,3.1967,12.3718,0.0959622,
1015,16:55,8862,7977,885,8475,26737,15.1401,2.88087,3.15481,12.5025,0.230081,
1020,17:00,9367,8483,884,8925,29250,17.1486,3.06144,3.27731,11.4667,0.275397,
1025,17:05,9841,9023,818,4575,14062.5,15.6486,2.99714,3.07377,11.7854,0.602216,
1030,17:10,10413,9560,853,8100,27086.9,17.944,3.16152,3.34406,11.1816,0.50778,
1035,17:15,10965,10101,864,8550,25596,15.6049,3.05336,2.99369,11.5106,0.447498,
1040,17:20,11522,10639,883,8775,27537,15.2885,2.91675,3.13812,12.3156,0.41615,
1045,17:25,12011,11176,835,5775,17553,13.8937,2.77257,3.03948,13.126,0.656545,
1050,17:30,12638,11708,930,31275,97548,16.0718,3.09149,3.11904,11.6442,0.550487,
1055,17:35,12638,12185,453,0,0,0,0,0,0,0,
1060,17:40,12638,12537,101,0,0,0,0,0,0,0,
1065,17:45,12638,12638,0,0,0,0,0,0,0,0,
Unit of output:
travel time=,min
travel Cost=,dollar
distance=,miles
speed=,mph
energy=,1000 joule
CO2=,gram


--MOE Group 1--
 , , , , , , , , , , , , , , , , ,
,#_of_vehicles,percentage,avg_distance,avg_travel_time,avg_speed,avg_toll_cost,avg_energy_K_joule,avg_CO2_gram,avg_NOX_gram,avg_CO_gram,avg_HC_gram,avg_energy_K_joule_per_mile,avg_CO2_gram_per_mile,avg_NOX_gram_per_mile,avg_CO_gram_per_mile,avg_HC_gram_per_mile,avg_MilesPerGallon,
network,12638,100,3.16542,7.79352,24.3696,0,0,0,0,0,0,0,0,0,0,0,0,


--MOE Group 2--
 , , , , , , , , , , , , , , , , ,
,#_of_vehicles,percentage,avg_distance,avg_travel_time,avg_speed,avg_toll_cost,avg_energy_K_joule,avg_CO2_gram,avg_NOX_gram,avg_CO_gram,avg_HC_gram,avg_energy_K_joule_per_mile,avg_CO2_gram_per_mile,avg_NOX_gram_per_mile,avg_CO_gram_per_mile,avg_HC_gram_per_mile,avg_MilesPerGallon,
sov,12638,100,3.16542,7.79352,24.3696,0,0,0,0,0,0,0,0,0,0,0,0,
hov,0,0,0,0,0,0,0,0,0,0,0,0,0,0,0,0,0,
truck,0,0,0,0,0,0,0,0,0,0,0,0,0,0,0,0,0,


--MOE Group 3--
 , , , , , , , , , , , , , , , , ,
,#_of_vehicles,percentage,avg_distance,avg_travel_time,avg_speed,avg_toll_cost,avg_energy_K_joule,avg_CO2_gram,avg_NOX_gram,avg_CO_gram,avg_HC_gram,avg_energy_K_joule_per_mile,avg_CO2_gram_per_mile,avg_NOX_gram_per_mile,avg_CO_gram_per_mile,avg_HC_gram_per_mile,avg_MilesPerGallon,
passenger_car,10044,79.4746,3.1702,7.80763,24.3623,0,0,0,0,0,0,0,0,0,0,0,0,
passenger_truck,2594,20.5254,3.147,7.73892,24.3987,0,0,0,0,0,0,0,0,0,0,0,0,
light_commercial-truck,0,0,0,0,0,0,0,0,0,0,0,0,0,0,0,0,0,
single_unit_long-haul_truck,0,0,0,0,0,0,0,0,0,0,0,0,0,0,0,0,0,
combination_long-haul_truck,0,0,0,0,0,0,0,0,0,0,0,0,0,0,0,0,0,


--MOE Group 4--
 , , , , , , , , , , , , , , , , ,
,#_of_vehicles,percentage,avg_distance,avg_travel_time,avg_speed,avg_toll_cost,avg_energy_K_joule,avg_CO2_gram,avg_NOX_gram,avg_CO_gram,avg_HC_gram,avg_energy_K_joule_per_mile,avg_CO2_gram_per_mile,avg_NOX_gram_per_mile,avg_CO_gram_per_mile,avg_HC_gram_per_mile,avg_MilesPerGallon,
OD1,15,0.11869,1.4541,3.41593,25.5409,0,0,0,0,0,0,0,0,0,0,0,0,
OD2,15,0.11869,1.4541,3.06817,28.4359,0,0,0,0,0,0,0,0,0,0,0,0,


--MOE Group 5--
 , , , , , , , , , , , , , , , , ,
,#_of_vehicles,percentage,avg_distance,avg_travel_time,avg_speed,avg_toll_cost,avg_energy_K_joule,avg_CO2_gram,avg_NOX_gram,avg_CO_gram,avg_HC_gram,avg_energy_K_joule_per_mile,avg_CO2_gram_per_mile,avg_NOX_gram_per_mile,avg_CO_gram_per_mile,avg_HC_gram_per_mile,avg_MilesPerGallon,
link_48_41_ NB freeway,0,0,0,0,0,0,0,0,0,0,0,0,0,0,0,0,0,
link_39_44_NB freeway,0,0,0,0,0,0,0,0,0,0,0,0,0,0,0,0,0,
link_48_41_SB freeway,0,0,0,0,0,0,0,0,0,0,0,0,0,0,0,0,0,
link_39_44_ SB freeway,0,0,0,0,0,0,0,0,0,0,0,0,0,0,0,0,0,


--MOE Group 6--
 , , , , , , , , , , , , , , , , ,
,#_of_vehicles,percentage,avg_distance,avg_travel_time,avg_speed,avg_toll_cost,avg_energy_K_joule,avg_CO2_gram,avg_NOX_gram,avg_CO_gram,avg_HC_gram,avg_energy_K_joule_per_mile,avg_CO2_gram_per_mile,avg_NOX_gram_per_mile,avg_CO_gram_per_mile,avg_HC_gram_per_mile,avg_MilesPerGallon,
Path1_Major freeway route,0,0,0,0,0,0,0,0,0,0,0,0,0,0,0,0,0,
Path2_Major freeway route,0,0,0,0,0,0,0,0,0,0,0,0,0,0,0,0,0,
Path3_Major arterial route,0,0,0,0,0,0,0,0,0,0,0,0,0,0,0,0,0,
Path4_Major arterial route,12638,100,3.16542,7.79352,24.3696,0,0,0,0,0,0,0,0,0,0,0,0,


--MOE Group 7--
Detailed Data:,output_NetworkTDMOE.csv
time_stamp_in_min,cumulative_in_flow_count,cumulative_out_flow_count,number_vehicles_in_network,flow_in_a_min,avg_trip_time_in_min
930,27,0,27,405,7.17281,
931,73,0,73,690,6.36478,
932,130,2,128,855,6.15709,
933,214,11,203,1260,6.7958,
934,290,27,263,1140,7.60248,
935,389,51,338,1485,7.16953,
936,469,76,393,1200,7.14471,
937,565,99,466,1440,7.46634,
938,699,153,546,2010,8.11358,
939,795,209,586,1440,6.97559,
940,899,268,631,1560,11.671,
941,1029,344,685,1950,4.36087,
942,1171,439,732,2130,8.67229,
943,1258,515,743,1305,8.59017,
944,1335,613,722,1155,8.09021,
945,1431,700,731,1440,8.94468,
946,1537,808,729,1590,8.78701,
947,1646,898,748,1635,8.52351,
948,1758,996,762,1680,9.0379,
949,1833,1084,749,1125,8.60647,
950,1956,1189,767,1845,8.42406,
951,2085,1301,784,1935,8.86181,
952,2159,1402,757,1110,10.6383,
953,2241,1501,740,1230,7.9089,
954,2426,1594,832,2775,9.75992,
955,2544,1693,851,1770,9.58796,
956,2641,1793,848,1455,10.1276,
957,2745,1903,842,1560,9.17334,
958,2840,2020,820,1425,10.5626,
959,2884,2130,754,660,9.1838,
960,3019,2235,784,2025,11.1186,
961,3105,2341,764,1290,8.94527,
962,3238,2441,797,1995,10.3596,
963,3330,2558,772,1380,10.2638,
964,3429,2654,775,1485,9.67506,
965,3517,2750,767,1320,9.99346,
966,3665,2855,810,2220,13.8392,
967,3800,2962,838,2025,7.35701,
968,3876,3051,825,1140,11.3207,
969,3920,3161,759,660,9.39816,
970,4087,3267,820,2505,11.5122,
971,4163,3363,800,1140,10.3617,
972,4272,3472,800,1635,12.4085,
973,4386,3585,801,1710,10.1188,
974,4466,3694,772,1200,11.9287,
975,4566,3807,759,1500,11.8163,
976,4679,3891,788,1695,11.874,
977,4752,3994,758,1095,8.7492,
978,4938,4097,841,2790,12.4809,
979,5031,4208,823,1395,11.9413,
980,5129,4325,804,1470,12.1952,
981,5254,4417,837,1875,12.199,
982,5335,4503,832,1215,13.1501,
983,5423,4624,799,1320,12.0673,
984,5558,4717,841,2025,13.5379,
985,5649,4840,809,1365,11.0518,
986,5763,4938,825,1710,12.9989,
987,5846,5033,813,1245,12.833,
988,5938,5156,782,1380,13.2988,
989,5964,5272,692,390,11.6857,
990,6221,5369,852,3855,13.4894,
991,6291,5472,819,1050,15.7464,
992,6393,5580,813,1530,12.832,
993,6484,5670,814,1365,12.8466,
994,6608,5771,837,1860,13.8213,
995,6730,5864,866,1830,14.3387,
996,6813,5975,838,1245,14.8077,
997,6907,6084,823,1410,13.3751,
998,7023,6194,829,1740,16.2462,
999,7112,6293,819,1335,12.702,
1000,7212,6400,812,1500,16.4891,
1001,7286,6480,806,1110,11.4445,
1002,7462,6599,863,2640,16.4709,
1003,7581,6708,873,1785,14.4227,
1004,7657,6810,847,1140,14.4922,
1005,7754,6916,838,1455,15.4061,
1006,7867,7022,845,1695,15.7485,
1007,7978,7129,849,1665,14.8792,
1008,8071,7226,845,1395,17.2632,
1009,8126,7335,791,825,13.0222,
1010,8293,7443,850,2505,15.5031,
1011,8380,7536,844,1305,15.6739,
1012,8478,7634,844,1470,15.0285,
1013,8585,7732,853,1605,14.7605,
1014,8749,7858,891,2460,17.2509,
1015,8862,7977,885,1695,15.1401,
1016,8954,8082,872,1380,18.0015,
1017,9064,8190,874,1650,15.2311,
1018,9180,8284,896,1740,15.0195,
1019,9248,8388,860,1020,16.4272,
1020,9367,8483,884,1785,17.1486,
1021,9458,8605,853,1365,16.1809,
1022,9569,8709,860,1665,14.8231,
1023,9655,8787,868,1290,18.6629,
1024,9780,8922,858,1875,13.8128,
1025,9841,9023,818,915,15.6486,
1026,10018,9133,885,2655,17.6152,
1027,10109,9239,870,1365,15.1375,
1028,10242,9333,909,1995,16.3979,
1029,10305,9441,864,945,19.218,
1030,10413,9560,853,1620,17.944,
1031,10527,9680,847,1710,14.5441,
1032,10661,9786,875,2010,16.158,
1033,10734,9888,846,1095,16.2812,
1034,10851,9993,858,1755,17.6518,
1035,10965,10101,864,1710,15.6049,
1036,11047,10202,845,1230,16.596,
1037,11132,10318,814,1275,15.2581,
1038,11280,10421,859,2220,17.2325,
1039,11405,10522,883,1875,15.3532,
1040,11522,10639,883,1755,15.2885,
1041,11620,10751,869,1470,16.3728,
1042,11738,10853,885,1770,20.7722,
1043,11826,10973,853,1320,13.808,
1044,11934,11067,867,1620,17.9675,
1045,12011,11176,835,1155,13.8937,
1046,12080,11285,795,1035,21.1593,
1047,12150,11397,753,1050,17.9841,
1048,12200,11517,683,750,18.9908,
1049,12221,11606,615,315,14.7061,
1050,12638,11708,930,6255,16.0718,
1051,12638,11804,834,0,0,
1052,12638,11897,741,0,0,
1053,12638,12013,625,0,0,
1054,12638,12090,548,0,0,
1055,12638,12185,453,0,0,
1056,12638,12266,372,0,0,
1057,12638,12335,303,0,0,
1058,12638,12414,224,0,0,
1059,12638,12478,160,0,0,
1060,12638,12537,101,0,0,
1061,12638,12589,49,0,0,
1062,12638,12616,22,0,0,
1063,12638,12631,7,0,0,
1064,12638,12637,1,0,0,
1065,12638,12638,0,0,0,


--MOE Group 8--
Detailed Data:,output_LinkMOE.csv
from_node_id,to_node_id,type_code,start_time_in_min,end_time_in_min,total_link_volume,lane_capacity_in_vhc_per_hour,volume_over_capacity_ratio,avg_waiting_time_on_loading_buffer_(min),speed_limit_in_mph,speed_in_mph,percentage_of_speed_limit,level_of_service,sensor_data_flag,sensor_link_volume,simulated_link_volume,measurement_error,abs_measurement_error_percentage,simulated_AADT,num_of_crashes_per_year,num_of_fatal_and_injury_crashes_per_year,num_of_PDO_crashes_per_year,num_of_intersection_crashes_per_year,num_of_intersection_fatal_and_injury_crashes_per_year,num_of_intersection_PDO_crashes_per_year,TotalEnergy_(J/hr),CO2_(g/hr),NOX_(g/hr),CO_(g/hr),HC_(g/hr),sov_volume,hov_volume,truck_volume,intermodal_volume,geometry,from_node_id,to_node_id,vol_d0,vol_d1,vol_d2,vol_d3,vol_d4,vol_d5,vol_d6,vol_d7,vol_d8,vol_d9,vol_d10,vol_d11,vol_d12,vol_d13,vol_d14,spd_d0,spd_d1,spd_d2,spd_d3,spd_d4,spd_d5,spd_d6,spd_d7,spd_d8,spd_d9,spd_d10,spd_d11,spd_d12,spd_d13,spd_d14,
4804,5106,a,930,1050,1242,666.4000,1.8637,0.0000,29.0000,23.2997,80,B,0,0.0000,1242,0.0000,0.0000,12420.0000,10.4345,3.4589,6.9757,9.2482,3.0919,6.1563,0.0000,0.0000,0.0000,0.0000,0.0000,1242,0,0,0,"<LineString><coordinates>-111.910425,40.602330,0.0 -111.910386,40.598556,0.0</coordinates></LineString>",4804,5106,792,955,1081,1167,1212,1242,1270,1287,1297,1241,1219,1237,1237,1242,1242,28.0386,27.4629,26.1784,25.3516,23.2508,23.5294,19.7871,18.7494,17.8542,22.4392,18.9058,22.7228,21.2031,22.3092,23.2997,
5017,5018,h,930,1050,1514,284.8000,1.7720,0.0000,43.0000,36.7280,85,B,0,0.0000,1514,0.0000,0.0000,15140.0000,0.0000,0.0000,0.0000,0.0000,0.0000,0.0000,0.0000,0.0000,0.0000,0.0000,0.0000,1514,0,0,0,"<LineString><coordinates>-111.938633,40.609519,0.0 -111.938737,40.616739,0.0</coordinates></LineString>",5017,5018,1622,1591,1543,1508,1505,1486,1484,1495,1501,1505,1508,1507,1501,1506,1514,40.6120,39.5681,37.5122,36.0602,36.8905,37.6272,37.9998,37.5451,36.3623,36.3723,34.7566,35.9222,37.1307,37.2890,36.7280,
5017,11146,h,930,1050,1528,284.8000,1.7884,0.0000,43.0000,24.3697,57,C,0,0.0000,1528,0.0000,0.0000,15280.0000,0.0000,0.0000,0.0000,0.0000,0.0000,0.0000,0.0000,0.0000,0.0000,0.0000,0.0000,1528,0,0,0,"<LineString><coordinates>-111.938869,40.609521,0.0 -111.938976,40.605902,0.0</coordinates></LineString>",5017,11146,2082,1751,1514,1453,1463,1466,1473,1464,1479,1504,1515,1515,1524,1525,1528,1.0523,3.0883,25.7245,26.8677,27.9139,26.3169,25.3940,28.2623,26.4066,27.3792,25.1547,24.7789,25.6007,25.9637,24.3697,
5018,5017,h,930,1050,1343,284.8000,1.5719,0.0000,43.0000,34.8609,81,B,0,0.0000,1343,0.0000,0.0000,13430.0000,0.0000,0.0000,0.0000,0.0000,0.0000,0.0000,0.0000,0.0000,0.0000,0.0000,0.0000,1343,0,0,0,"<LineString><coordinates>-111.938973,40.616735,0.0 -111.938869,40.609515,0.0</coordinates></LineString>",5018,5017,1776,1502,1389,1327,1332,1330,1336,1323,1335,1339,1340,1341,1343,1345,1343,1.7725,30.3393,32.9249,34.7026,34.2588,34.0891,33.8234,33.9620,34.5821,33.6851,35.1575,35.1516,34.5014,35.5864,34.8609,
5018,5436,h,930,1050,1413,284.8000,1.6538,0.0000,43.0000,36.7311,85,B,1,0.0000,1413,1413.0000,141300.0000,14130.0000,0.0000,0.0000,0.0000,0.0000,0.0000,0.0000,0.0000,0.0000,0.0000,0.0000,0.0000,1413,0,0,0,"<LineString><coordinates>-111.938737,40.616735,0.0 -111.938624,40.624083,0.0</coordinates></LineString>",5018,5436,1466,1458,1434,1410,1405,1385,1383,1393,1405,1407,1408,1404,1402,1407,1413,40.2650,39.4758,38.0239,36.5336,37.4729,36.6120,37.6794,37.2311,37.1370,36.7221,36.5664,37.2582,37.8874,36.2509,36.7311,
5022,5524,a,930,1050,1350,407.2000,1.6577,0.0000,36.0000,15.8934,44,D,0,0.0000,1350,0.0000,0.0000,13500.0000,11.3028,3.7572,7.5456,10.3058,3.4504,6.8553,0.0000,0.0000,0.0000,0.0000,0.0000,1350,0,0,0,"<LineString><coordinates>-111.929185,40.609299,0.0 -111.925510,40.608615,0.0</coordinates></LineString>",5022,5524,1225,1242,1284,1333,1350,1374,1403,1406,1410,1355,1341,1355,1357,1356,1350,21.2533,19.3645,18.3644,16.8486,16.3506,16.3414,15.3828,15.8222,15.2251,16.1597,16.0831,15.8919,15.9580,16.3199,15.8934,
5027,11150,a,930,1050,1088,666.4000,1.6327,0.0000,29.0000,16.0868,55,C,0,0.0000,1088,0.0000,0.0000,10880.0000,8.7208,2.8889,5.8319,7.7901,2.5986,5.1916,0.0000,0.0000,0.0000,0.0000,0.0000,1088,0,0,0,"<LineString><coordinates>-111.910432,40.610656,0.0 -111.910450,40.607208,0.0</coordinates></LineString>",5027,11150,685,842,958,1039,1077,1105,1130,1144,1151,1093,1070,1085,1084,1089,1088,20.0924,18.3537,17.4890,16.5291,16.1100,15.4928,14.9429,15.3235,15.2577,15.3138,15.9472,15.7949,15.9752,15.5129,16.0868,
5109,4804,a,930,1050,1242,666.4000,1.8637,0.0000,29.0000,17.6579,61,C,1,0.0000,1242,1242.0000,124200.0000,12420.0000,11.1569,3.7094,7.4475,9.9775,3.3504,6.6271,0.0000,0.0000,0.0000,0.0000,0.0000,1242,0,0,0,"<LineString><coordinates>-111.910433,40.605939,0.0 -111.910425,40.602331,0.0</coordinates></LineString>",5109,4804,792,955,1081,1167,1212,1242,1270,1287,1297,1241,1219,1237,1237,1242,1242,26.9935,25.4544,24.4225,22.5077,19.4516,16.9685,17.4625,13.9453,9.4070,15.7821,20.2576,18.8186,18.8687,16.8166,17.6579,
5112,5589,h,930,1050,1109,446.0000,1.2433,0.0000,39.0000,32.9726,85,B,0,0.0000,1109,0.0000,0.0000,11090.0000,0.0000,0.0000,0.0000,0.0000,0.0000,0.0000,0.0000,0.0000,0.0000,0.0000,0.0000,1109,0,0,0,"<LineString><coordinates>-111.938730,40.587644,0.0 -111.934063,40.587663,0.0</coordinates></LineString>",5112,5589,1997,1723,1517,1424,1211,1290,1163,1119,1138,1161,1183,1116,1102,1112,1109,1.7488,1.6521,1.9286,3.6408,32.8635,31.1253,32.7269,34.2342,32.7047,32.8227,33.2978,33.2056,33.6155,33.6837,32.9726,
5112,11160,h,930,1050,1611,284.8000,1.8855,0.0000,43.0000,24.0138,56,C,0,0.0000,1611,0.0000,0.0000,16110.0000,0.0000,0.0000,0.0000,0.0000,0.0000,0.0000,0.0000,0.0000,0.0000,0.0000,0.0000,1611,0,0,0,"<LineString><coordinates>-111.938612,40.587768,0.0 -111.938760,40.590850,0.0</coordinates></LineString>",5112,11160,2490,2184,1914,1637,1687,1568,1627,1634,1624,1624,1612,1639,1606,1601,1611,2.9961,2.5385,4.1854,18.0759,13.9807,22.8208,22.1883,19.6123,20.2197,20.7274,21.8782,17.2319,20.8839,21.2052,24.0138,
5112,11172,h,930,1050,1616,446.0000,1.8117,0.0000,39.0000,25.4864,65,C,0,0.0000,1616,0.0000,0.0000,16160.0000,0.0000,0.0000,0.0000,0.0000,0.0000,0.0000,0.0000,0.0000,0.0000,0.0000,0.0000,1616,0,0,0,"<LineString><coordinates>-111.938848,40.587765,0.0 -111.938937,40.584174,0.0</coordinates></LineString>",5112,11172,1489,1502,1544,1552,1651,1570,1656,1646,1653,1620,1596,1608,1635,1624,1616,36.6906,34.9922,29.4480,26.9910,14.0280,26.0302,24.1626,24.2762,20.0610,26.1044,24.6555,23.8138,25.6182,25.1871,25.4864,
5113,11148,h,930,1050,1692,284.8000,1.9803,0.0000,43.0000,16.2985,38,E,1,0.0000,1692,1692.0000,169200.0000,16920.0000,0.0000,0.0000,0.0000,0.0000,0.0000,0.0000,0.0000,0.0000,0.0000,0.0000,0.0000,1692,0,0,0,"<LineString><coordinates>-111.938652,40.594014,0.0 -111.938675,40.599040,0.0</coordinates></LineString>",5113,11148,2547,2272,1987,1711,1737,1634,1695,1702,1681,1690,1686,1711,1681,1678,1692,23.6732,8.9310,7.4071,26.9576,24.9945,28.1933,22.6086,18.4891,26.9958,23.0089,26.3696,17.3014,29.1041,25.3264,16.2985,
5113,11160,h,930,1050,1641,284.8000,1.9206,0.0000,43.0000,21.1433,49,D,0,0.0000,1641,0.0000,0.0000,16410.0000,0.0000,0.0000,0.0000,0.0000,0.0000,0.0000,0.0000,0.0000,0.0000,0.0000,0.0000,1641,0,0,0,"<LineString><coordinates>-111.938888,40.594017,0.0 -111.938996,40.590848,0.0</coordinates></LineString>",5113,11160,2545,2152,1837,1590,1613,1614,1633,1600,1633,1617,1630,1619,1639,1641,1641,1.1419,1.2079,2.0730,23.3749,24.5822,22.4446,18.2938,24.6270,16.2233,25.4890,21.8797,25.3071,22.0008,19.5993,21.1433,
5118,5727,h,930,1050,1160,423.7000,1.3689,0.0000,32.0000,24.8539,78,B,0,0.0000,1160,0.0000,0.0000,11600.0000,0.0000,0.0000,0.0000,0.0000,0.0000,0.0000,0.0000,0.0000,0.0000,0.0000,0.0000,1160,0,0,0,"<LineString><coordinates>-111.904261,40.587896,0.0 -111.902134,40.587882,0.0</coordinates></LineString>",5118,5727,1160,1160,1160,1160,1160,1160,1160,1160,1160,1160,1160,1160,1160,1160,1160,30.0672,29.3946,27.6382,26.8322,25.6850,25.7491,25.1734,23.7532,23.8881,23.6564,24.6741,23.3633,23.3700,24.4681,24.8539,
5174,5868,a,930,1050,1145,407.2000,1.4059,0.0000,36.0000,18.7457,52,C,0,0.0000,1145,0.0000,0.0000,11450.0000,9.1290,3.0293,6.0997,8.3227,2.7786,5.5441,0.0000,0.0000,0.0000,0.0000,0.0000,1145,0,0,0,"<LineString><coordinates>-111.913876,40.558953,0.0 -111.910194,40.558742,0.0</coordinates></LineString>",5174,5868,968,1016,1051,1067,1074,1079,1084,1110,1123,1116,1112,1117,1136,1140,1145,22.5797,21.4958,20.3771,19.2178,19.1055,19.1963,19.3880,18.8532,18.8858,18.9481,19.1087,18.8195,19.0101,18.9243,18.7457,
5208,11261,a,930,1050,1069,407.2000,1.3126,0.0000,36.0000,27.1804,76,B,0,0.0000,1069,0.0000,0.0000,10690.0000,8.4380,2.7964,5.6416,7.6145,2.5392,5.0753,0.0000,0.0000,0.0000,0.0000,0.0000,1069,0,0,0,"<LineString><coordinates>-111.938693,40.562167,0.0 -111.934612,40.562180,0.0</coordinates></LineString>",5208,11261,985,1035,1061,1041,1049,1021,1027,1041,1058,1044,1033,1039,1059,1062,1069,33.3954,30.6551,28.8216,27.7323,28.4862,28.7648,28.3408,27.6959,28.2673,28.8116,28.0674,28.0534,28.5953,27.1045,27.1804,
5209,5211,h,930,1050,1038,446.0000,1.1637,0.0000,39.0000,34.1008,87,B,1,0.0000,1038,1038.0000,103800.0000,10380.0000,0.0000,0.0000,0.0000,0.0000,0.0000,0.0000,0.0000,0.0000,0.0000,0.0000,0.0000,1038,0,0,0,"<LineString><coordinates>-111.938620,40.568082,0.0 -111.938569,40.573110,0.0</coordinates></LineString>",5209,5211,1386,1200,1107,1046,1041,1022,1027,1028,1033,1046,1047,1047,1039,1038,1038,2.0676,33.4648,33.9034,34.3169,34.3566,34.1068,33.9759,34.2275,34.1499,34.1395,34.1699,33.6747,34.0024,34.0701,34.1008,
5210,5211,h,930,1050,1585,446.0000,1.7769,0.0000,39.0000,26.1281,67,C,0,0.0000,1585,0.0000,0.0000,15850.0000,0.0000,0.0000,0.0000,0.0000,0.0000,0.0000,0.0000,0.0000,0.0000,0.0000,0.0000,1585,0,0,0,"<LineString><coordinates>-111.938859,40.576959,0.0 -111.938805,40.573109,0.0</coordinates></LineString>",5210,5211,1347,1366,1400,1417,1550,1502,1601,1602,1613,1581,1552,1569,1599,1589,1585,36.6398,35.6774,33.9997,31.6935,28.0585,30.1554,29.1365,28.2365,27.5613,25.9528,28.7737,28.1898,26.8439,27.2522,26.1281,
5210,11172,h,930,1050,1324,446.0000,1.4843,0.0000,39.0000,34.3474,88,B,1,0.0000,1324,1324.0000,132400.0000,13240.0000,0.0000,0.0000,0.0000,0.0000,0.0000,0.0000,0.0000,0.0000,0.0000,0.0000,0.0000,1324,0,0,0,"<LineString><coordinates>-111.938623,40.576962,0.0 -111.938701,40.584172,0.0</coordinates></LineString>",5210,11172,1730,1499,1373,1273,1271,1241,1269,1280,1296,1324,1331,1335,1323,1322,1324,1.5418,2.9054,21.2169,34.8256,35.0362,34.9595,34.8520,34.8837,34.1157,34.2909,34.0856,34.0992,34.1772,34.1384,34.3474,
5211,5209,h,930,1050,1097,446.0000,1.2298,0.0000,39.0000,35.9116,92,A,1,0.0000,1097,1097.0000,109700.0000,10970.0000,0.0000,0.0000,0.0000,0.0000,0.0000,0.0000,0.0000,0.0000,0.0000,0.0000,0.0000,1097,0,0,0,"<LineString><coordinates>-111.938805,40.573112,0.0 -111.938856,40.568084,0.0</coordinates></LineString>",5211,5209,1214,1143,1106,1067,1079,1051,1060,1073,1090,1083,1071,1074,1091,1089,1097,37.6212,37.3331,36.9713,36.0153,36.2630,36.0488,36.1229,36.0047,35.5119,36.0933,35.9179,35.6467,35.7569,36.3242,35.9116,
5211,5210,h,930,1050,1119,446.0000,1.2545,0.0000,39.0000,33.2656,85,B,0,0.0000,1119,0.0000,0.0000,11190.0000,0.0000,0.0000,0.0000,0.0000,0.0000,0.0000,0.0000,0.0000,0.0000,0.0000,0.0000,1119,0,0,0,"<LineString><coordinates>-111.938569,40.573113,0.0 -111.938623,40.576963,0.0</coordinates></LineString>",5211,5210,1483,1282,1171,1087,1081,1057,1076,1088,1098,1123,1128,1129,1119,1118,1119,1.6846,9.8673,32.3682,33.7610,32.8374,34.0827,33.2807,33.1993,33.2609,33.2721,32.4144,32.7189,33.7258,33.0190,33.2656,
5214,11259,a,930,1050,1137,407.2000,1.3961,0.0000,36.0000,25.2119,70,B,0,0.0000,1137,0.0000,0.0000,11370.0000,8.7851,2.9204,5.8647,8.2475,2.7532,5.4943,0.0000,0.0000,0.0000,0.0000,0.0000,1137,0,0,0,"<LineString><coordinates>-111.929216,40.562082,0.0 -111.926746,40.561891,0.0</coordinates></LineString>",5214,11259,940,990,1029,1048,1056,1064,1070,1097,1112,1104,1101,1107,1126,1132,1137,30.7050,28.8662,28.6735,25.2292,24.9621,27.2036,25.9525,25.4560,25.0354,25.0916,25.7965,25.0767,24.8296,24.3085,25.2119,
5215,5588,a,930,1050,1117,666.4000,1.6762,0.0000,29.0000,25.5972,88,B,0,0.0000,1117,0.0000,0.0000,11170.0000,8.6388,2.8700,5.7688,8.0601,2.6898,5.3703,0.0000,0.0000,0.0000,0.0000,0.0000,1117,0,0,0,"<LineString><coordinates>-111.919698,40.572337,0.0 -111.917038,40.571871,0.0</coordinates></LineString>",5215,5588,183,392,581,731,899,1031,1120,1139,1154,1105,1103,1125,1131,1138,1117,29.0000,28.7925,28.6878,28.1294,27.3664,27.3830,24.0387,24.9439,23.4681,25.6567,26.7141,24.9795,24.3877,23.8378,25.5972,
5232,11183,a,930,1050,1021,666.4000,1.5321,0.0000,29.0000,23.7654,82,B,0,0.0000,1021,0.0000,0.0000,10210.0000,8.2845,2.7383,5.5462,7.1752,2.3909,4.7843,0.0000,0.0000,0.0000,0.0000,0.0000,1021,0,0,0,"<LineString><coordinates>-111.929201,40.572375,0.0 -111.923406,40.572359,0.0</coordinates></LineString>",5232,11183,137,344,529,674,837,964,1052,1045,1061,1010,1009,1034,1035,1045,1021,28.7878,27.9184,26.7109,26.2745,25.3444,24.3811,22.7912,23.1427,22.7279,24.0009,23.8649,23.3233,23.5652,22.4124,23.7654,
5436,5578,h,930,1050,1143,284.8000,1.3378,0.0000,39.0000,38.9989,100,A,1,0.0000,1143,1143.0000,114300.0000,11430.0000,0.0000,0.0000,0.0000,0.0000,0.0000,0.0000,0.0000,0.0000,0.0000,0.0000,0.0000,1143,0,0,0,"<LineString><coordinates>-111.938624,40.624085,0.0 -111.938642,40.630427,0.0</coordinates></LineString>",5436,5578,1143,1143,1143,1143,1143,1143,1143,1143,1143,1143,1143,1143,1143,1143,1143,38.9989,38.9989,38.9989,38.9989,38.9989,38.9989,38.9989,38.9989,38.9989,38.9989,38.9989,38.9989,38.9989,38.9989,38.9989,
5524,5863,a,930,1050,1350,407.2000,1.6577,0.0000,36.0000,32.5000,90,A,1,0.0000,1350,1350.0000,135000.0000,13500.0000,12.6613,4.1752,8.4861,10.3058,3.4504,6.8553,0.0000,0.0000,0.0000,0.0000,0.0000,1350,0,0,0,"<LineString><coordinates>-111.925467,40.608614,0.0 -111.916763,40.610148,0.0</coordinates></LineString>",5524,5863,1225,1242,1284,1333,1350,1374,1403,1406,1410,1355,1341,1355,1357,1356,1350,33.8642,33.6840,33.0815,31.9561,32.9255,32.1420,31.9005,31.1987,31.5806,31.6607,31.6707,32.0764,32.6500,32.4952,32.5000,
5587,5174,a,930,1050,1118,407.2000,1.3728,0.0000,36.0000,22.6786,63,C,0,0.0000,1118,0.0000,0.0000,11180.0000,9.6512,3.1971,6.4541,8.4292,2.8201,5.6091,0.0000,0.0000,0.0000,0.0000,0.0000,1118,0,0,0,"<LineString><coordinates>-111.919287,40.560194,0.0 -111.913896,40.558956,0.0</coordinates></LineString>",5587,5174,944,990,1027,1042,1048,1054,1054,1080,1093,1087,1083,1088,1107,1113,1118,27.0665,25.7784,24.5632,23.2538,23.4162,23.5350,23.3929,22.9595,22.9183,23.1519,23.1254,23.1796,22.8046,22.9277,22.6786,
5588,11184,a,930,1050,1101,633.1000,1.7391,0.0000,24.0000,19.4210,81,B,0,0.0000,1101,0.0000,0.0000,11010.0000,8.5952,2.8527,5.7425,7.9109,2.6394,5.2715,0.0000,0.0000,0.0000,0.0000,0.0000,1101,0,0,0,"<LineString><coordinates>-111.917006,40.571870,0.0 -111.913758,40.572213,0.0</coordinates></LineString>",5588,11184,115,325,518,670,838,973,1070,1094,1111,1068,1073,1101,1109,1121,1101,23.9283,23.7875,23.4028,22.7928,22.5573,21.7937,20.2269,20.2141,19.4125,21.4410,20.0192,19.9587,18.9146,19.5412,19.4210,
5589,5114,h,930,1050,1154,446.0000,1.2937,0.0000,39.0000,34.3222,88,B,1,0.0000,1154,1154.0000,115400.0000,11540.0000,0.0000,0.0000,0.0000,0.0000,0.0000,0.0000,0.0000,0.0000,0.0000,0.0000,0.0000,1154,0,0,0,"<LineString><coordinates>-111.934063,40.587663,0.0 -111.929195,40.587676,0.0</coordinates></LineString>",5589,5114,2144,1823,1601,1443,1244,1237,1116,1093,1121,1151,1193,1145,1138,1151,1154,1.3832,1.3583,1.5287,1.9613,6.3431,32.8816,34.6168,35.4599,34.7382,34.7372,34.2812,34.9864,34.6400,34.8234,34.3222,
5727,5119,h,930,1050,1160,423.7000,1.3689,0.0000,32.0000,31.9957,100,A,0,0.0000,1160,0.0000,0.0000,11600.0000,0.0000,0.0000,0.0000,0.0000,0.0000,0.0000,0.0000,0.0000,0.0000,0.0000,0.0000,1160,0,0,0,"<LineString><coordinates>-111.902136,40.587882,0.0 -111.901033,40.587853,0.0</coordinates></LineString>",5727,5119,1160,1160,1160,1160,1160,1160,1160,1160,1160,1160,1160,1160,1160,1160,1160,31.9957,31.9957,31.9957,31.9957,31.9957,31.9957,31.9957,31.9957,31.9957,31.9957,31.9957,31.9957,31.9957,31.9957,31.9957,
5736,11146,h,930,1050,1651,284.8000,1.9324,0.0000,43.0000,23.3149,54,C,0,0.0000,1651,0.0000,0.0000,16510.0000,0.0000,0.0000,0.0000,0.0000,0.0000,0.0000,0.0000,0.0000,0.0000,0.0000,0.0000,1651,0,0,0,"<LineString><coordinates>-111.938577,40.602348,0.0 -111.938740,40.605903,0.0</coordinates></LineString>",5736,11146,2448,2193,1927,1679,1698,1594,1659,1661,1640,1649,1643,1668,1639,1638,1651,26.1061,20.7055,19.3704,20.1684,18.1271,23.2500,26.0495,24.9154,27.4065,20.1451,25.0452,28.3114,18.8101,25.1649,23.3149,
5736,11148,h,930,1050,1556,284.8000,1.8212,0.0000,43.0000,26.2219,61,C,0,0.0000,1556,0.0000,0.0000,15560.0000,0.0000,0.0000,0.0000,0.0000,0.0000,0.0000,0.0000,0.0000,0.0000,0.0000,0.0000,1556,0,0,0,"<LineString><coordinates>-111.938813,40.602347,0.0 -111.938911,40.599043,0.0</coordinates></LineString>",5736,11148,2433,2046,1744,1511,1541,1537,1554,1520,1552,1536,1545,1537,1557,1558,1556,1.5889,2.4079,6.3770,30.4004,24.0056,26.4943,25.2146,28.9880,25.7973,29.2270,27.0190,28.4988,27.5429,24.5121,26.2219,
5863,5009,a,930,1050,1350,407.2000,1.6577,0.0000,36.0000,17.1909,48,D,0,0.0000,1350,0.0000,0.0000,13500.0000,11.8515,3.9492,7.9023,10.8697,3.6505,7.2192,0.0000,0.0000,0.0000,0.0000,0.0000,1350,0,0,0,"<LineString><coordinates>-111.916777,40.610147,0.0 -111.913165,40.610352,0.0</coordinates></LineString>",5863,5009,1225,1242,1284,1333,1350,1374,1403,1406,1410,1355,1341,1355,1357,1356,1350,17.8576,17.9758,17.6319,17.4166,17.3358,17.1897,17.1579,16.9377,16.8573,17.3001,17.4774,17.2063,17.2136,17.1942,17.1909,
11146,5017,h,930,1050,1443,284.8000,1.6889,0.0000,43.0000,32.3610,75,B,0,0.0000,1443,0.0000,0.0000,14430.0000,0.0000,0.0000,0.0000,0.0000,0.0000,0.0000,0.0000,0.0000,0.0000,0.0000,0.0000,1443,0,0,0,"<LineString><coordinates>-111.938740,40.605894,0.0 -111.938633,40.609513,0.0</coordinates></LineString>",11146,5017,1590,1540,1485,1449,1445,1425,1422,1430,1436,1439,1444,1439,1434,1436,1443,38.4365,36.8492,33.9012,30.6217,31.1205,28.7363,31.6655,30.9173,31.0480,31.9603,29.4392,30.4091,30.4519,30.6125,32.3610,
11146,5736,h,930,1050,1537,284.8000,1.7989,0.0000,43.0000,25.8563,60,C,0,0.0000,1537,0.0000,0.0000,15370.0000,0.0000,0.0000,0.0000,0.0000,0.0000,0.0000,0.0000,0.0000,0.0000,0.0000,0.0000,1537,0,0,0,"<LineString><coordinates>-111.938976,40.605893,0.0 -111.938813,40.602338,0.0</coordinates></LineString>",11146,5736,2393,2016,1721,1499,1525,1521,1539,1503,1533,1518,1525,1517,1538,1540,1537,1.1252,1.4161,8.4649,25.7986,25.7787,27.5050,26.2663,28.8502,25.6782,26.5852,29.8977,26.9732,28.4082,28.0324,25.8563,
11147,5022,a,930,1050,1062,666.4000,1.5936,0.0000,32.0000,10.8702,34,E,0,0.0000,1062,0.0000,0.0000,10620.0000,8.7222,2.9096,5.8126,8.2485,2.7644,5.4841,0.0000,0.0000,0.0000,0.0000,0.0000,1062,0,0,0,"<LineString><coordinates>-111.929117,40.607686,0.0 -111.929045,40.609410,0.0</coordinates></LineString>",11147,5022,998,1026,1088,1129,1134,1149,1115,1100,1105,1070,1043,1059,1073,1075,1062,14.4221,13.5429,11.7359,11.2324,11.2505,10.3901,11.1099,10.9352,10.5581,10.7054,11.0052,10.9965,10.7754,10.7910,10.8702,
11148,5113,h,930,1050,1593,284.8000,1.8645,0.0000,43.0000,32.0602,75,B,1,0.0000,1593,1593.0000,159300.0000,15930.0000,0.0000,0.0000,0.0000,0.0000,0.0000,0.0000,0.0000,0.0000,0.0000,0.0000,0.0000,1593,0,0,0,"<LineString><coordinates>-111.938911,40.599038,0.0 -111.938888,40.594012,0.0</coordinates></LineString>",11148,5113,2490,2103,1793,1550,1571,1571,1590,1556,1587,1571,1583,1574,1594,1594,1593,1.3251,1.7754,7.5521,31.6006,31.3428,32.3454,28.2307,32.6717,30.9815,31.5202,25.8163,34.0772,27.9693,33.0866,32.0602,
11148,5736,h,930,1050,1649,284.8000,1.9300,0.0000,43.0000,25.8741,60,C,0,0.0000,1649,0.0000,0.0000,16490.0000,0.0000,0.0000,0.0000,0.0000,0.0000,0.0000,0.0000,0.0000,0.0000,0.0000,0.0000,1649,0,0,0,"<LineString><coordinates>-111.938675,40.599035,0.0 -111.938577,40.602339,0.0</coordinates></LineString>",11148,5736,2467,2202,1929,1670,1693,1589,1653,1657,1638,1646,1642,1667,1637,1635,1649,25.1859,18.8697,19.3007,21.6199,16.2878,27.4827,23.2361,22.8009,19.9783,25.7367,25.3085,23.1987,22.9527,23.7007,25.8741,
11150,5109,a,930,1050,1088,666.4000,1.6327,0.0000,29.0000,22.0894,76,B,0,0.0000,1088,0.0000,0.0000,10880.0000,9.0678,3.0330,6.0348,8.7054,2.9226,5.7828,0.0000,0.0000,0.0000,0.0000,0.0000,1088,0,0,0,"<LineString><coordinates>-111.910450,40.607205,0.0 -111.910433,40.605937,0.0</coordinates></LineString>",11150,5109,685,842,958,1039,1077,1105,1130,1144,1151,1093,1070,1085,1084,1089,1088,25.1581,25.3757,24.3004,23.4075,22.3845,21.1742,22.3656,20.3401,19.8674,20.5479,22.8028,22.8173,22.3579,23.7948,22.0894,
11159,5112,h,930,1050,1416,446.0000,1.5874,17.7171,39.0000,27.0955,69,C,1,0.0000,1416,1416.0000,141600.0000,14160.0000,0.0000,0.0000,0.0000,0.0000,0.0000,0.0000,0.0000,0.0000,0.0000,0.0000,0.0000,1416,0,0,0,"<LineString><coordinates>-111.943604,40.587644,0.0 -111.938730,40.587644,0.0</coordinates></LineString>",11159,5112,1416,1416,1416,1416,1416,1416,1416,1416,1416,1416,1416,1416,1416,1416,1416,0.7375,1.4189,5.6433,17.4798,26.1542,25.6485,26.3598,26.1850,26.5316,26.2258,26.7209,26.5033,25.7651,26.0962,27.0955,
11160,5112,h,930,1050,1580,284.8000,1.8493,0.0000,43.0000,27.4520,64,C,0,0.0000,1580,0.0000,0.0000,15800.0000,0.0000,0.0000,0.0000,0.0000,0.0000,0.0000,0.0000,0.0000,0.0000,0.0000,0.0000,1580,0,0,0,"<LineString><coordinates>-111.938996,40.590838,0.0 -111.938848,40.587756,0.0</coordinates></LineString>",11160,5112,2483,2126,1873,1615,1590,1558,1585,1556,1596,1585,1584,1560,1575,1580,1580,1.1520,1.2971,1.7857,9.4079,20.0275,30.9593,23.7524,29.3987,28.6651,25.3272,23.4651,29.5426,30.6337,25.0553,27.4520,
11160,5113,h,930,1050,1664,284.8000,1.9476,0.0000,43.0000,13.2433,31,F,0,0.0000,1664,0.0000,0.0000,16640.0000,0.0000,0.0000,0.0000,0.0000,0.0000,0.0000,0.0000,0.0000,0.0000,0.0000,0.0000,1664,0,0,0,"<LineString><coordinates>-111.938760,40.590840,0.0 -111.938652,40.594009,0.0</coordinates></LineString>",11160,5113,2526,2245,1955,1675,1703,1601,1662,1670,1651,1660,1657,1680,1650,1649,1664,8.7545,4.7034,5.0739,19.6703,13.9869,20.5262,16.3328,20.3167,21.7781,20.9446,20.0413,17.5285,18.8214,21.1946,13.2433,
11172,5112,h,930,1050,1399,446.0000,1.5684,0.0000,39.0000,31.7199,81,B,0,0.0000,1399,0.0000,0.0000,13990.0000,0.0000,0.0000,0.0000,0.0000,0.0000,0.0000,0.0000,0.0000,0.0000,0.0000,0.0000,1399,0,0,0,"<LineString><coordinates>-111.938701,40.584168,0.0 -111.938612,40.587759,0.0</coordinates></LineString>",11172,5112,1958,1667,1488,1338,1309,1289,1332,1351,1369,1398,1413,1412,1395,1392,1399,1.4173,1.9295,4.3376,20.2958,31.5957,32.6241,32.7393,32.6507,31.6675,31.5493,30.7751,31.4955,31.5713,31.0619,31.7199,
11172,5210,h,930,1050,1617,446.0000,1.8128,0.0000,39.0000,33.0243,85,B,1,0.0000,1617,1617.0000,161700.0000,16170.0000,0.0000,0.0000,0.0000,0.0000,0.0000,0.0000,0.0000,0.0000,0.0000,0.0000,0.0000,1617,0,0,0,"<LineString><coordinates>-111.938937,40.584170,0.0 -111.938859,40.576960,0.0</coordinates></LineString>",11172,5210,1418,1427,1449,1456,1585,1534,1630,1630,1641,1610,1583,1599,1629,1619,1617,37.8872,37.2515,36.3264,35.3804,32.3419,34.1861,32.4799,31.5223,32.3548,28.7661,32.8043,34.2327,31.1854,32.0967,33.0243,
11183,5215,a,930,1050,1119,666.4000,1.6792,0.0000,29.0000,21.6302,75,B,0,0.0000,1119,0.0000,0.0000,11190.0000,9.1057,3.0238,6.0819,8.3023,2.7751,5.5272,0.0000,0.0000,0.0000,0.0000,0.0000,1119,0,0,0,"<LineString><coordinates>-111.923407,40.572359,0.0 -111.919679,40.572336,0.0</coordinates></LineString>",11183,5215,190,398,587,736,903,1034,1122,1141,1154,1106,1104,1126,1132,1140,1119,28.5756,28.1969,27.1668,26.0823,24.7744,22.1249,20.9891,19.9944,22.3644,22.2308,21.8773,21.5306,21.7602,22.0367,21.6302,
11184,11257,a,930,1050,1101,633.1000,1.7391,0.0000,24.0000,22.6337,94,A,1,0.0000,1101,1101.0000,110100.0000,11010.0000,9.2399,3.0536,6.1863,7.9109,2.6394,5.2715,0.0000,0.0000,0.0000,0.0000,0.0000,1101,0,0,0,"<LineString><coordinates>-111.913821,40.572224,0.0 -111.908422,40.569647,0.0</coordinates></LineString>",11184,11257,115,325,518,670,838,973,1070,1094,1111,1068,1073,1101,1109,1121,1101,23.9993,23.9386,23.8147,23.5686,23.5571,23.3144,22.4797,22.4892,22.5941,22.3588,22.9736,22.5098,22.6763,22.3933,22.6337,
11257,5175,a,930,1050,1048,633.1000,1.6553,0.0000,24.0000,22.8322,95,A,0,0.0000,1048,0.0000,0.0000,10480.0000,8.4403,2.7996,5.6406,7.6353,2.5495,5.0859,0.0000,0.0000,0.0000,0.0000,0.0000,1048,0,0,0,"<LineString><coordinates>-111.908373,40.569636,0.0 -111.904350,40.569578,0.0</coordinates></LineString>",11257,5175,123,319,501,649,810,941,1031,1054,1069,1021,1025,1052,1059,1069,1048,23.9575,23.8976,23.7722,23.5122,23.2170,22.6855,22.6825,22.6096,22.4361,22.3409,22.0764,22.4573,22.0974,22.0559,22.8322,
11259,5587,a,930,1050,1108,407.2000,1.3605,0.0000,36.0000,24.5277,68,C,0,0.0000,1108,0.0000,0.0000,11080.0000,9.9986,3.3013,6.6973,8.3229,2.7840,5.5390,0.0000,0.0000,0.0000,0.0000,0.0000,1108,0,0,0,"<LineString><coordinates>-111.926763,40.561893,0.0 -111.919286,40.560193,0.0</coordinates></LineString>",11259,5587,924,971,1010,1026,1032,1039,1042,1069,1083,1076,1072,1078,1097,1103,1108,24.8224,24.7790,24.6375,24.6075,24.6525,24.5722,24.6058,24.5742,24.6503,24.3443,24.3726,24.4037,24.7005,24.5563,24.5278,
5175,6185,a,930,1050,1088,300.0000,1.8133,0.0000,35.0000,15.0887,43,D,0,0.0000,1088,0.0000,0.0000,10880.0000,9.4759,3.1696,6.3064,8.9663,3.0153,5.9510,0.0000,0.0000,0.0000,0.0000,0.0000,1088,0,0,0,"<LineString><coordinates>-111.904232,40.569718,0.0 -111.906059,40.572874,0.0 -111.906116,40.572974,0.0 -111.906166,40.573077,0.0 -111.906209,40.573183,0.0 -111.906246,40.573292,0.0 -111.906276,40.573403,0.0 -111.906299,40.573516,0.0 -111.906315,40.573629,0.0 -111.906324,40.573744,0.0 -111.906326,40.573859,0.0 -111.906320,40.573973,0.0 -111.906308,40.574088,0.0 -111.906288,40.574201,0.0 -111.906262,40.574313,0.0 -111.906228,40.574422,0.0 -111.906188,40.574530,0.0 -111.905398,40.575776,0.0</coordinates></LineString>",5175,6185,602,771,912,1005,1086,1143,1168,1162,1138,1098,1079,1089,1100,1105,1088,31.6606,25.8944,22.6479,18.0955,14.0058,9.4502,7.2283,6.8234,11.7278,15.4936,16.9951,14.7856,14.1153,12.4219,15.0887,
5175,11507,a,930,1050,1097,300.0000,1.8283,0.0000,35.0000,16.1700,46,D,1,0.0000,1097,1097.0000,109700.0000,10970.0000,8.3522,2.7760,5.5762,7.8737,2.6268,5.2469,0.0000,0.0000,0.0000,0.0000,0.0000,1097,0,0,0,"<LineString><coordinates>-111.904463,40.569667,0.0 -111.904630,40.568397,0.0 -111.902642,40.562364,0.0</coordinates></LineString>",5175,11507,1156,1157,1152,1153,1148,1149,1147,1130,1115,1116,1118,1117,1103,1103,1097,32.3244,29.8212,25.4765,22.6899,17.9709,14.8832,15.9062,12.7238,15.3276,15.5710,16.6339,15.8718,16.3852,14.6482,16.1700,


--MOE Group 9--
Detailed Data:,output_ODMOE.csv
origin_zone_no,destination_zone_no,number_of_vehicles,number_of_vehicles_completing_trips,trip_time_in_min,distance_in_mile
1,9,67,67,14.6037,6.0380
1,11,90,90,11.9188,4.4146
1,14,56,56,5.2278,2.0324
1,21,51,51,13.6136,6.3111
1,24,67,67,11.0445,4.0553
1,41,89,89,1.3210,0.6245
2,9,50,50,13.0582,5.1278
2,11,68,68,10.2660,3.6464
2,24,51,51,9.4693,3.3561
2,41,67,67,3.0489,1.7046
3,9,101,101,9.0905,3.6821
3,11,135,135,8.0765,3.0691
3,13,68,68,9.9274,3.4688
3,14,84,84,10.8017,3.9935
3,21,78,78,8.3328,3.8838
3,24,102,102,8.9802,3.3620
3,34,68,68,3.6407,1.2347
3,41,134,134,7.4334,3.3197
6,11,62,62,9.9463,4.1562
6,41,61,61,11.1196,5.4358
17,9,51,51,13.6501,5.3401
17,11,68,68,10.6358,3.8239
17,24,51,51,9.8166,3.3534
17,41,67,67,2.2835,1.2065
34,11,51,51,8.8009,2.9485
34,41,51,51,4.8513,2.4332


--MOE Group 10--
Detailed Data:,output_PathMOE.csv
