CPU_time,iteration_no,avg_travel_time_in_min,travel_time_index,avg_travel_distance_in_mile,vehicle_route_switching_rate,number_of_vehicles_completing_trips,perc_of_vehicles_completing_trips,avg_travel_time_gap_per_vehicle_in_min,target_demand_deviation,abs_estimation_error_of_link_volume,RMSE_of_est_link_volume,avg_abs_perc_error_of_est_link_volume, 
Avg abs MOE error=, 394.457Average Path flow Estimation MAPE =,91.162 %
CPU Clock: 00:00:02 --,0,44.086,9.182,3.131,100.000,12638,100.000%,0.000,0.000,394.457,0.000,91.162
Avg abs MOE error=, 381.113Average Path flow Estimation MAPE =,93.627 %
CPU Clock: 00:00:03 --,1,28.458,5.646,3.161,7.984,12638,100.000%,35.701,0.000,381.113,0.000,93.627
Avg abs MOE error=, 377.293Average Path flow Estimation MAPE =,99.820 %
CPU Clock: 00:00:04 --,2,17.807,3.386,3.186,7.382,12638,100.000%,20.373,0.000,377.293,0.000,99.820
Avg abs MOE error=, 376.596Average Path flow Estimation MAPE =,103.752 %
CPU Clock: 00:00:05 --,3,12.350,2.303,3.203,6.583,12638,100.000%,9.981,0.000,376.596,0.000,103.752
Avg abs MOE error=, 379.233Average Path flow Estimation MAPE =,108.099 %
CPU Clock: 00:00:05 --,4,10.329,1.924,3.203,4.985,12638,100.000%,4.937,0.000,379.233,0.000,108.099
Avg abs MOE error=, 380.855Average Path flow Estimation MAPE =,110.231 %
CPU Clock: 00:00:06 --,5,8.789,1.632,3.203,5.009,12638,100.000%,2.888,0.000,380.855,0.000,110.231
Avg abs MOE error=, 381.979Average Path flow Estimation MAPE =,111.587 %
CPU Clock: 00:00:07 --,6,8.206,1.526,3.200,4.035,12638,100.000%,1.414,0.000,381.979,0.000,111.587
Avg abs MOE error=, 381.910Average Path flow Estimation MAPE =,111.860 %
CPU Clock: 00:00:08 --,7,8.063,1.503,3.194,3.426,12638,100.000%,0.675,0.000,381.910,0.000,111.860
Avg abs MOE error=, 380.216Average Path flow Estimation MAPE =,109.508 %
CPU Clock: 00:00:08 --,8,7.860,1.468,3.190,2.809,12638,100.000%,0.522,0.000,380.216,0.000,109.508
Avg abs MOE error=, 376.415Average Path flow Estimation MAPE =,107.142 %
CPU Clock: 00:00:09 --,9,7.778,1.458,3.182,2.944,12638,100.000%,0.520,0.000,376.415,0.000,107.142
Avg abs MOE error=, 375.821Average Path flow Estimation MAPE =,105.753 %
CPU Clock: 00:00:10 --,10,8.089,1.519,3.177,2.405,12638,100.000%,0.458,0.000,375.821,0.000,105.753
Avg abs MOE error=, 376.248Average Path flow Estimation MAPE =,106.927 %
CPU Clock: 00:00:11 --,11,7.931,1.491,3.174,2.176,12638,100.000%,0.856,0.000,376.248,0.000,106.927
Avg abs MOE error=, 376.647Average Path flow Estimation MAPE =,107.416 %
CPU Clock: 00:00:11 --,12,7.819,1.471,3.172,1.559,12638,100.000%,0.476,0.000,376.647,0.000,107.416
Avg abs MOE error=, 377.331Average Path flow Estimation MAPE =,107.724 %
CPU Clock: 00:00:12 --,13,7.704,1.451,3.170,1.464,12638,100.000%,0.419,0.000,377.331,0.000,107.724
Avg abs MOE error=, 375.855Average Path flow Estimation MAPE =,106.223 %
CPU Clock: 00:00:13 --,14,7.755,1.464,3.165,1.226,12638,100.000%,0.382,0.000,375.855,0.000,106.223
