section,sub_index,key,value,remarks
assignment,,assignment_mode,ue,"assignment_mode can be ue, dta or odme"
assignment,,number_of_iterations,2,
assignment,,column_updating_iterations,3,
assignment,,length_conversion_factor,0.001,
agent_type,1,agent_type,auto,
agent_type,1,name,passenger,
agent_type,1,VOT,10,
agent_type,1,flow_type,0,
link_type,1,link_type_name,Highway/Expressway,
link_type,1,type_code,f,
link_type,1,traffic_flow_code,0,
link_type,2,link_type,1,
link_type,2,link_type_name,Major arterial,
link_type,2,type_code,a,
link_type,2,traffic_flow_code,0,
demand_period,1,demand_period,AM,
demand_period,1,time_period,0700_0800,
demand_file_list,1,file_name,,
demand_file_list,1,format_type,accessibility,
demand_file_list,1,demand_period,AM,
demand_file_list,1,agent_type,auto,
