name,node_id,control_type,control_type_name,cycle_length_in_second,x,y,geometry
,1,0,unknown_control,0,0.000000,0.000000,"<Point><coordinates>0.000000,0.000000</coordinates></Point>"
,2,0,unknown_control,0,1.831400,0.000000,"<Point><coordinates>1.831400,0.000000</coordinates></Point>"
,3,0,unknown_control,0,0.000000,3.662800,"<Point><coordinates>0.000000,3.662800</coordinates></Point>"
,4,0,unknown_control,0,1.831400,3.662800,"<Point><coordinates>1.831400,3.662800</coordinates></Point>"
,5,0,unknown_control,0,0.915700,0.915700,"<Point><coordinates>0.915700,0.915700</coordinates></Point>"
,6,0,unknown_control,0,0.915700,2.747100,"<Point><coordinates>0.915700,2.747100</coordinates></Point>"
