demand_type,demand_type_name,avg_VOT,percentage_of_pretrip_info,percentage_of_enroute_info,percentage_of_vehicle_type1,percentage_of_vehicle_type2,percentage_of_vehicle_type3,percentage_of_vehicle_type4,percentage_of_vehicle_type5,,percentage_of_vehicle_type6,,percentage_of_vehicle_type7,,percentage_of_vehicle_type8,,percentage_of_vehicle_type9,,percentage_of_vehicle_type10,,percentage_of_vehicle_type11,,
1,SOV,0,0,0,0,0,0,0,0,0,0,0,0,0,0,0,0,0,0,0,0,0,0
2,HOV,0,0,0,0,0,0,0,0,0,0,0,0,0,0,0,0,0,0,0,0,0,0
3,truck,0,0,0,0,0,0,0,0,0,0,0,0,0,0,0,0,0,0,0,0,0,0
4,transit,0,0,0,0,0,0,0,0,0,0,0,0,0,0,0,0,0,0,0,0,0,0
