zone_id,total_production_capacity,total_production,avg_production_distance,total_attraction_capacity,total_attraction,avg_attraction_distance,geometry
1,14700.000000,8640,11.400116,5700.000000,0,0.000000,"<Polygon><outerBoundaryIs><LinearRing><coordinates>"</coordinates></LinearRing></outerBoundaryIs></Polygon>"
2,5700.000000,0,0.000000,16200.000000,8640,11.400116,"<Polygon><outerBoundaryIs><LinearRing><coordinates>"</coordinates></LinearRing></outerBoundaryIs></Polygon>"
38,5700.000000,0,0.000000,5700.000000,0,0.000000,"<Polygon><outerBoundaryIs><LinearRing><coordinates>"</coordinates></LinearRing></outerBoundaryIs></Polygon>"
39,5700.000000,0,0.000000,5700.000000,0,0.000000,"<Polygon><outerBoundaryIs><LinearRing><coordinates>"</coordinates></LinearRing></outerBoundaryIs></Polygon>"
40,5700.000000,0,0.000000,5700.000000,0,0.000000,"<Polygon><outerBoundaryIs><LinearRing><coordinates>"</coordinates></LinearRing></outerBoundaryIs></Polygon>"
41,5700.000000,0,0.000000,5700.000000,0,0.000000,"<Polygon><outerBoundaryIs><LinearRing><coordinates>"</coordinates></LinearRing></outerBoundaryIs></Polygon>"
