DTALite:
A Fast Open Source DTA Engine
Software Version =,1.1.0
Release Date=,Apr 27 2016
Simulation Date =,year: 2016,month:04,day:27,hour:19,min:30
----------------------test1----------------------
Signal Control Representation =,Continuous Flow with Link Capacity Constraint
Traffic Flow Model =,Newell's Cumulative Flow Count Model
Assignment method=,MSA
 

User Defined Assignment Intervals==,1

# of Nodes=,40
# of Link Types=,12
# of Links=,55
# of Prohibited Movements=,0
# of Pretimed Signals=,3
# of Actuated Signals=,0
# of Zones=,6
# of Activity Locations=,6
# of Vehicle Types=,11
# of Demand Types=,4
# of Sensor Records=,0
Demand Load Mode=,demand meta databaseReading demand file,input_demand.csv,cumulative # of agents=,8640,


Demand multiplier in input_scenario_settings.csv file=,1
# of Vehicles to be simulated=,8640
# of Intra-zone Vehicles (not be simulated)=,0
Starting Time of Demand Loading (min)=,420
Ending Time of Demand Loading (min)=,540
Output Emission data=,YES
Output second by second speed data=,NO
Vehicle ID with second by second speed data=,0

--Link Type Statistics--
link_type,link_type_name,link_type_code,number_of_links,avg_lane_capacity,avg_number_of_lanes,avg_speed_limit,avg_link_length,avg_K_jam,total_link_length,
1,Freeway,f,28,1803.57,2.96429,60,1,180,28,
2,Highway,h,0,0,0,0,0,0,0,
3,Principal�arterial,a,0,0,0,0,0,0,0,
4,Major arterial,a,26,1700,2.73077,56.9231,1.87921,180,48.8595,
5,Minor arterial,a,1,700,2,30,2,180,2,
6,Collector,a,0,0,0,0,0,0,0,
7,Local,a,0,0,0,0,0,0,0,
8,Frontage road,a,0,0,0,0,0,0,0,
9,Ramp,r,0,0,0,0,0,0,0,
10,Zonal connector,c,0,0,0,0,0,0,0,
100,Transit link,t,0,0,0,0,0,0,0,
200,Walking link,w,0,0,0,0,0,0,0,
# of demand type code based toll records=0
# of link-based toll records=0
# of work zone records=0
# of VMS records=1
Routing method=,Individual agent-based routing
Iteration #,CPU Running Time,Per Iteration CPU Running Time,# of agents,Avg Travel Time (min),Avg Waiting Time at Origin (min),Avg Trip Time Index=(Mean TT/Free-flow TT),Avg Distance),Avg Speed,Avg CO (g),% considering to switch,% switched,% completing trips,network clearance time (in min),Avg User Equilibirum (UE) gap (min),Relative UE gap (%),ODME: number of data points,ODME: Absolute link count error,ODME: % link count error,ODME: slope =observed/estimated link count,ODME: r_squared link count,travel_time_ 7:00,travel_time_ 7:15,travel_time_ 7:30,travel_time_ 7:45,travel_time_ 8:00,travel_time_ 8:15,travel_time_ 8:30,travel_time_ 8:45,Avg UE gap_ 7:00,Avg UE gap_ 7:15,Avg UE gap_ 7:30,Avg UE gap_ 7:45,Avg UE gap_ 8:00,Avg UE gap_ 8:15,Avg UE gap_ 8:30,Avg UE gap_ 8:45,Relative UE gap_ 7:00,Relative UE gap_ 7:15,Relative UE gap_ 7:30,Relative UE gap_ 7:45,Relative UE gap_ 8:00,Relative UE gap_ 8:15,Relative UE gap_ 8:30,Relative UE gap_ 8:45,
1,00:00:21,00:00:21,8640,9.94086,-0.0502768,2.35471, ,20.5221,6921.96,100,100,100,1440, , , , , , , ,5.02796,6.40574,7.81907,9.27528,10.6269,12.0618,13.4865,14.8212, , , , , , , , , , , , , , , , ,


--Time Dependent Network MOE--,60 min interval
time_stamp_in_min,time_clock,cumulative_in_flow_count,cumulative_out_flow_count,number_vehicles_in_network,number_vehicles_entering_network,total_vehicle_mile_traveled,avg_trip_time (departure_time_based),avg_trip_time_index = trip time/FFTT,avg_distance,avg_speed,
420, 7:00,72,0,72,72,14691,7.08188,1.68532,3.40069,28.8118,
480, 8:00,4392,3780,612,4320,14686,12.6993,3.02464,3.39954,16.0617,
540, 9:00,8640,7775,865,4248,0,0,0,0,0,

--Time Dependent Network MOE--,30 min interval
time_stamp_in_min,time_clock,cumulative_in_flow_count,cumulative_out_flow_count,number_vehicles_in_network,number_vehicles_entering_network,total_vehicle_mile_traveled,avg_trip_time (departure_time_based),avg_trip_time_index = trip time/FFTT,avg_distance,avg_speed,
420, 7:00,72,0,72,72,7345,5.66664,1.34876,3.40046,36.005,
450, 7:30,2232,1786,446,2160,7346,8.49711,2.02178,3.40093,24.0147,
480, 8:00,4392,3780,612,2160,7343,11.2945,2.69005,3.39954,18.0595,
510, 8:30,6552,5777,775,2160,7343,14.1041,3.35923,3.39954,14.4619,
540, 9:00,8640,7775,865,2088,0,0,0,0,0,
570, 9:30,8640,8564,76,0,0,0,0,0,0,

--Time Dependent Network MOE--,15 min interval
time_stamp_in_min,time_clock,cumulative_in_flow_count,cumulative_out_flow_count,number_vehicles_in_network,number_vehicles_entering_network,total_vehicle_mile_traveled,avg_trip_time (departure_time_based),avg_trip_time_index = trip time/FFTT,avg_distance,avg_speed,
420, 7:00,72,0,72,72,3675,4.97744,1.18276,3.40278,41.0184,
435, 7:15,1152,787,365,1080,3670,6.35585,1.5153,3.39815,32.079,
450, 7:30,2232,1786,446,1080,3671,7.76925,1.85105,3.39907,26.2502,
465, 7:45,3312,2784,528,1080,3675,9.22497,2.19207,3.40278,22.132,
480, 8:00,4392,3780,612,1080,3671,10.5773,2.52008,3.39907,19.2812,
495, 8:15,5472,4780,692,1080,3672,12.0116,2.8599,3.4,16.9836,
510, 8:30,6552,5777,775,1080,3673,13.4365,3.19705,3.40093,15.1867,
525, 8:45,7632,6775,857,1080,3670,14.7717,3.52174,3.39815,13.8026,
540, 9:00,8640,7775,865,1008,0,0,0,0,0,
555, 9:15,8640,8214,426,0,0,0,0,0,0,
570, 9:30,8640,8564,76,0,0,0,0,0,0,

--Time Dependent Network MOE--,5 min interval
time_stamp_in_min,time_clock,cumulative_in_flow_count,cumulative_out_flow_count,number_vehicles_in_network,number_vehicles_entering_network,total_vehicle_mile_traveled,avg_trip_time (departure_time_based),avg_trip_time_index = trip time/FFTT,avg_distance,avg_speed,
420, 7:00,72,0,72,72,1225,4.49251,1.06753,3.40278,45.446,
425, 7:05,432,125,307,360,1225,4.97642,1.18252,3.40278,41.0268,
430, 7:10,792,454,338,360,1225,5.46339,1.29823,3.40278,37.3699,
435, 7:15,1152,787,365,360,1222,5.87314,1.40394,3.39444,34.6777,
440, 7:20,1512,1120,392,360,1224,6.35927,1.51411,3.4,32.0791,
445, 7:25,1872,1454,418,360,1224,6.83513,1.62741,3.4,29.8458,
450, 7:30,2232,1786,446,360,1225,7.34932,1.74637,3.40278,27.7804,
455, 7:35,2592,2117,475,360,1224,7.79267,1.8554,3.4,26.1784,
460, 7:40,2952,2450,502,360,1222,8.16575,1.95197,3.39444,24.9416,
465, 7:45,3312,2784,528,360,1225,8.73633,2.07596,3.40278,23.3698,
470, 7:50,3672,3117,555,360,1224,9.18024,2.18577,3.4,22.2216,
475, 7:55,4032,3449,583,360,1226,9.75832,2.31423,3.40556,20.9394,
480, 8:00,4392,3780,612,360,1223,10.0908,2.40736,3.39722,20.1998,
485, 8:05,4752,4114,638,360,1222,10.4798,2.50512,3.39444,19.4343,
490, 8:10,5112,4447,665,360,1226,11.1614,2.64698,3.40556,18.3071,
495, 8:15,5472,4780,692,360,1224,11.5342,2.74625,3.4,17.6865,
500, 8:20,5832,5112,720,360,1224,12.022,2.86239,3.4,16.9688,
505, 8:25,6192,5443,749,360,1224,12.4785,2.97106,3.4,16.3482,
510, 8:30,6552,5777,775,360,1223,12.8599,3.06796,3.39722,15.8503,
515, 8:35,6912,6112,800,360,1225,13.4805,3.20328,3.40278,15.1454,
520, 8:40,7272,6443,829,360,1225,13.9691,3.31939,3.40278,14.6156,
525, 8:45,7632,6775,857,360,1224,14.3741,3.42241,3.4,14.1922,
530, 8:50,7992,7106,886,360,1223,14.7464,3.51802,3.39722,13.8226,
535, 8:55,8352,7440,912,360,1223,15.1947,3.62498,3.39722,13.4148,
540, 9:00,8640,7775,865,288,0,0,0,0,0,
545, 9:05,8640,7980,660,0,0,0,0,0,0,
550, 9:10,8640,8097,543,0,0,0,0,0,0,
555, 9:15,8640,8214,426,0,0,0,0,0,0,
560, 9:20,8640,8330,310,0,0,0,0,0,0,
565, 9:25,8640,8447,193,0,0,0,0,0,0,
570, 9:30,8640,8564,76,0,0,0,0,0,0,
Unit of output:
travel time=,min
travel Cost=,dollar
distance=,miles
speed=,mph
energy=,1000 joule
CO2=,gram


--MOE Group 6--
 , , , , , , , , , , , , , , , , , , , ,
,#_of_vehicles,avg_distance,avg_travel_time,avg_speed,avg_toll_cost,avg_energy_K_joule,avg_CO2_gram,avg_NOX_gram,avg_CO_gram,avg_HC_gram,avg_PM_gram,avg_PM2_5_gram,avg_energy_K_joule_per_mile,avg_CO2_gram_per_mile,avg_NOX_gram_per_mile,avg_CO_gram_per_mile,avg_HC_gram_per_mile,avg_PM_gram_per_mile,avg_PM2_5_gram_per_mile,avg_MilesPerGallon,
,0,0,0,0,0,0,0,0,0,0,0,0,0,0,0,0,0,0,0,0,
