agent_id,o_zone_id,d_zone_id,o_node_id,d_node_id,time_period,agent_type,volume
0,7,9,11281,5356,0700_0800,1,1
1,37,34,1353,1322,0700_0800,1,1
2,11,20,5119,1357,0700_0800,1,1
3,21,18,6253,1286,0700_0800,1,1
4,34,8,1322,10847,0700_0800,1,1
5,18,9,1286,5356,0700_0800,1,1
6,17,31,1289,1314,0700_0800,1,1
7,13,3,5034,11159,0700_0800,1,1
8,9,12,5356,11151,0700_0800,1,1
9,32,15,1285,4899,0700_0800,1,1
10,32,20,1285,1356,0700_0800,1,1
11,15,28,4899,1359,0700_0800,1,1
12,17,6,1289,5238,0700_0800,1,1
13,11,13,5119,5034,0700_0800,1,1
14,31,17,1314,1289,0700_0800,1,1
15,13,18,5034,1286,0700_0800,1,1
16,26,20,1323,1356,0700_0800,1,1
17,6,22,5238,3689,0700_0800,1,1
18,6,3,5238,11159,0700_0800,1,1
19,18,11,1286,5119,0700_0800,1,1
20,3,31,11159,1318,0700_0800,1,1
21,34,27,1322,1346,0700_0800,1,1
22,1,16,5577,11827,0700_0800,1,1
23,25,14,1354,5037,0700_0800,1,1
24,11,3,5119,11159,0700_0800,1,1
25,37,6,1349,5238,0700_0800,1,1
26,31,34,1318,1322,0700_0800,1,1
27,1,33,5577,1351,0700_0800,1,1
28,37,14,1353,5037,0700_0800,1,1
29,27,11,1346,5119,0700_0800,1,1
30,35,25,1290,1354,0700_0800,1,1
31,18,6,1286,5238,0700_0800,1,1
32,34,14,1319,5037,0700_0800,1,1
33,1,9,5577,5356,0700_0800,1,1
34,37,41,1353,5578,0700_0800,1,1
35,6,35,5238,1290,0700_0800,1,1
37,11,14,5119,5037,0700_0800,1,1
38,6,35,5238,1290,0700_0800,1,1
39,3,9,11159,5356,0700_0800,1,1
40,35,9,1290,5356,0700_0800,1,1
41,1,31,5577,1314,0700_0800,1,1
42,18,20,1286,1356,0700_0800,1,1
43,14,41,5037,5578,0700_0800,1,1
44,26,11,1323,5119,0700_0800,1,1
45,34,21,1322,6253,0700_0800,1,1
46,20,1,1356,5577,0700_0800,1,1
47,15,23,4899,1361,0700_0800,1,1
48,1,39,5577,1404,0700_0800,1,1
49,20,24,1357,1325,0700_0800,1,1
50,27,31,1346,1318,0700_0800,1,1
51,19,11,1352,5119,0700_0800,1,1
52,7,34,11281,1322,0700_0800,1,1
53,37,21,1349,6253,0700_0800,1,1
54,28,22,1359,3689,0700_0800,1,1
55,3,22,11159,3689,0700_0800,1,1
56,5,11,11282,5119,0700_0800,1,1
57,41,2,5578,11123,0700_0800,1,1
58,17,28,1289,1359,0700_0800,1,1
59,5,24,11282,1325,0700_0800,1,1
60,13,41,5034,5578,0700_0800,1,1
61,27,11,1346,5119,0700_0800,1,1
62,11,13,5119,5034,0700_0800,1,1
63,41,15,5578,4899,0700_0800,1,1
64,15,13,4899,5034,0700_0800,1,1
65,32,36,1285,1299,0700_0800,1,1
66,2,21,11123,6253,0700_0800,1,1
67,14,9,5037,5356,0700_0800,1,1
68,7,34,11281,1322,0700_0800,1,1
69,28,13,1359,5034,0700_0800,1,1
70,11,17,5119,1289,0700_0800,1,1
71,17,30,1289,1360,0700_0800,1,1
72,32,3,1285,11159,0700_0800,1,1
73,9,11,5356,5119,0700_0800,1,1
74,7,36,11281,1299,0700_0800,1,1
75,13,41,5034,5578,0700_0800,1,1
76,37,14,1353,5037,0700_0800,1,1
77,32,22,1285,3689,0700_0800,1,1
78,37,22,1349,3689,0700_0800,1,1
79,2,13,11123,5034,0700_0800,1,1
80,20,34,1356,1322,0700_0800,1,1
81,25,41,1354,5578,0700_0800,1,1
82,17,19,1289,1352,0700_0800,1,1
83,20,21,1357,6253,0700_0800,1,1
84,3,39,11159,1404,0700_0800,1,1
85,18,9,1286,5356,0700_0800,1,1
86,7,24,11281,1325,0700_0800,1,1
87,19,11,1352,5119,0700_0800,1,1
88,34,19,1322,1352,0700_0800,1,1
89,16,41,11827,5578,0700_0800,1,1
90,35,41,1290,5578,0700_0800,1,1
91,2,1,11123,5577,0700_0800,1,1
92,28,41,1359,5578,0700_0800,1,1
93,35,9,1290,5356,0700_0800,1,1
94,19,16,1352,11827,0700_0800,1,1
95,14,40,5037,1296,0700_0800,1,1
96,6,13,5238,5034,0700_0800,1,1
97,1,41,5577,5578,0700_0800,1,1
98,34,11,1322,5119,0700_0800,1,1
99,37,2,1353,11123,0700_0800,1,1
100,21,41,6253,5578,0700_0800,1,1
101,41,3,5578,11159,0700_0800,1,1
102,1,20,5577,1356,0700_0800,1,1
103,27,35,1346,1290,0700_0800,1,1
104,41,18,5578,1286,0700_0800,1,1
105,12,14,11151,5037,0700_0800,1,1
106,13,33,5034,1351,0700_0800,1,1
107,41,5,5578,11282,0700_0800,1,1
108,18,15,1286,4899,0700_0800,1,1
109,3,11,11159,5119,0700_0800,1,1
110,3,19,11159,1352,0700_0800,1,1
111,34,9,1322,5356,0700_0800,1,1
112,17,31,1289,1314,0700_0800,1,1
113,3,21,11159,6253,0700_0800,1,1
114,9,21,5356,6253,0700_0800,1,1
115,24,11,1325,5119,0700_0800,1,1
116,12,9,11151,5356,0700_0800,1,1
117,17,21,1289,6253,0700_0800,1,1
118,5,28,11282,1359,0700_0800,1,1
119,9,13,5356,5034,0700_0800,1,1
120,26,34,1323,1322,0700_0800,1,1
121,11,32,5119,1285,0700_0800,1,1
122,6,3,5238,11159,0700_0800,1,1
123,18,37,1286,1353,0700_0800,1,1
124,1,21,5577,6253,0700_0800,1,1
125,17,21,1289,6253,0700_0800,1,1
126,41,9,5578,5356,0700_0800,1,1
127,3,9,11159,5356,0700_0800,1,1
128,2,35,11123,1290,0700_0800,1,1
129,17,34,1289,1319,0700_0800,1,1
130,3,34,11159,1322,0700_0800,1,1
131,2,3,11123,11159,0700_0800,1,1
132,20,17,1356,1289,0700_0800,1,1
133,5,27,11282,1348,0700_0800,1,1
134,13,15,5034,4899,0700_0800,1,1
135,6,11,5238,5119,0700_0800,1,1
136,15,34,4899,1319,0700_0800,1,1
137,35,11,1290,5119,0700_0800,1,1
138,7,34,11281,1322,0700_0800,1,1
139,7,19,11281,1352,0700_0800,1,1
140,2,41,11123,5578,0700_0800,1,1
141,1,24,5577,1325,0700_0800,1,1
142,17,41,1289,5578,0700_0800,1,1
143,3,41,11159,5578,0700_0800,1,1
144,41,33,5578,1351,0700_0800,1,1
145,5,24,11282,1325,0700_0800,1,1
146,11,22,5119,3689,0700_0800,1,1
147,14,11,5037,5119,0700_0800,1,1
148,7,9,11281,5356,0700_0800,1,1
149,37,9,1349,5356,0700_0800,1,1
150,34,9,1322,5356,0700_0800,1,1
151,37,12,1353,11151,0700_0800,1,1
152,6,21,5238,6253,0700_0800,1,1
153,41,9,5578,5356,0700_0800,1,1
154,6,41,5238,5578,0700_0800,1,1
155,3,9,11159,5356,0700_0800,1,1
156,12,41,11151,5578,0700_0800,1,1
157,1,3,5577,11159,0700_0800,1,1
158,1,31,5577,1314,0700_0800,1,1
159,12,9,11151,5356,0700_0800,1,1
160,1,3,5577,11159,0700_0800,1,1
161,16,11,11827,5119,0700_0800,1,1
162,36,17,1299,1289,0700_0800,1,1
163,7,24,11281,1325,0700_0800,1,1
164,3,33,11159,1351,0700_0800,1,1
165,35,36,1290,1299,0700_0800,1,1
166,3,13,11159,5034,0700_0800,1,1
167,37,28,1353,1359,0700_0800,1,1
168,6,19,5238,1352,0700_0800,1,1
169,21,11,6253,5119,0700_0800,1,1
170,27,34,1346,1322,0700_0800,1,1
171,20,32,1356,1285,0700_0800,1,1
172,1,30,5577,1360,0700_0800,1,1
173,24,21,1325,6253,0700_0800,1,1
174,32,26,1285,1323,0700_0800,1,1
175,2,28,11123,1359,0700_0800,1,1
176,7,30,11281,1360,0700_0800,1,1
177,17,34,1289,1319,0700_0800,1,1
178,3,5,11159,11282,0700_0800,1,1
179,3,2,11159,11123,0700_0800,1,1
180,1,14,5577,5037,0700_0800,1,1
181,21,26,6253,1323,0700_0800,1,1
182,5,11,11282,5119,0700_0800,1,1
183,34,24,1322,1325,0700_0800,1,1
184,6,1,5238,5577,0700_0800,1,1
185,5,24,11282,1325,0700_0800,1,1
186,2,26,11123,1323,0700_0800,1,1
187,1,8,5577,10847,0700_0800,1,1
188,18,21,1286,6253,0700_0800,1,1
189,34,15,1319,4899,0700_0800,1,1
190,3,20,11159,1356,0700_0800,1,1
191,32,19,1285,1352,0700_0800,1,1
192,12,34,11151,1319,0700_0800,1,1
193,17,21,1289,6253,0700_0800,1,1
194,34,17,1319,1289,0700_0800,1,1
195,3,27,11159,1346,0700_0800,1,1
196,2,21,11123,6253,0700_0800,1,1
197,17,13,1289,5034,0700_0800,1,1
198,41,13,5578,5034,0700_0800,1,1
199,1,9,5577,5356,0700_0800,1,1
200,17,24,1289,1325,0700_0800,1,1
201,3,41,11159,5578,0700_0800,1,1
202,17,11,1289,5119,0700_0800,1,1
203,3,24,11159,1325,0700_0800,1,1
204,2,24,11123,1325,0700_0800,1,1
205,34,41,1319,5578,0700_0800,1,1
206,27,24,1346,1325,0700_0800,1,1
207,35,37,1290,1353,0700_0800,1,1
208,27,21,1348,6253,0700_0800,1,1
209,13,9,5034,5356,0700_0800,1,1
210,5,21,11282,6253,0700_0800,1,1
211,15,11,4899,5119,0700_0800,1,1
212,20,10,1357,5929,0700_0800,1,1
213,18,11,1286,5119,0700_0800,1,1
214,17,5,1289,11282,0700_0800,1,1
215,19,13,1352,5034,0700_0800,1,1
216,7,9,11281,5356,0700_0800,1,1
217,15,28,4899,1359,0700_0800,1,1
218,17,37,1289,1353,0700_0800,1,1
219,3,16,11159,11827,0700_0800,1,1
220,35,3,1290,11159,0700_0800,1,1
221,11,21,5119,6253,0700_0800,1,1
222,27,39,1348,1404,0700_0800,1,1
223,5,19,11282,1352,0700_0800,1,1
224,26,41,1323,5578,0700_0800,1,1
225,3,40,11159,1296,0700_0800,1,1
226,21,6,6253,5238,0700_0800,1,1
227,37,21,1349,6253,0700_0800,1,1
228,35,22,1290,3689,0700_0800,1,1
229,21,24,6253,1325,0700_0800,1,1
230,36,28,1299,1359,0700_0800,1,1
231,35,32,1290,1285,0700_0800,1,1
232,3,24,11159,1325,0700_0800,1,1
233,6,9,5238,5356,0700_0800,1,1
234,37,11,1353,5119,0700_0800,1,1
235,1,11,5577,5119,0700_0800,1,1
236,1,11,5577,5119,0700_0800,1,1
237,5,41,11282,5578,0700_0800,1,1
238,1,34,5577,1319,0700_0800,1,1
239,3,14,11159,5037,0700_0800,1,1
240,1,13,5577,5034,0700_0800,1,1
241,6,11,5238,5119,0700_0800,1,1
242,31,41,1314,5578,0700_0800,1,1
243,17,9,1289,5356,0700_0800,1,1
244,5,3,11282,11159,0700_0800,1,1
245,17,15,1289,4899,0700_0800,1,1
246,7,39,11281,1404,0700_0800,1,1
247,3,28,11159,1359,0700_0800,1,1
248,26,37,1323,1353,0700_0800,1,1
249,21,11,6253,5119,0700_0800,1,1
250,1,41,5577,5578,0700_0800,1,1
251,12,41,11151,5578,0700_0800,1,1
252,2,11,11123,5119,0700_0800,1,1
253,1,32,5577,1285,0700_0800,1,1
254,41,27,5578,1346,0700_0800,1,1
255,11,17,5119,1289,0700_0800,1,1
256,3,38,11159,1397,0700_0800,1,1
257,1,16,5577,11827,0700_0800,1,1
258,2,11,11123,5119,0700_0800,1,1
259,11,13,5119,5034,0700_0800,1,1
260,32,41,1285,5578,0700_0800,1,1
261,7,41,11281,5578,0700_0800,1,1
262,27,41,1346,5578,0700_0800,1,1
263,2,14,11123,5037,0700_0800,1,1
264,11,41,5119,5578,0700_0800,1,1
265,2,11,11123,5119,0700_0800,1,1
266,1,21,5577,6253,0700_0800,1,1
267,32,11,1285,5119,0700_0800,1,1
268,7,11,11281,5119,0700_0800,1,1
269,17,14,1289,5037,0700_0800,1,1
270,2,17,11123,1289,0700_0800,1,1
271,31,14,1314,5037,0700_0800,1,1
272,34,21,1322,6253,0700_0800,1,1
273,3,31,11159,1318,0700_0800,1,1
274,19,39,1352,1404,0700_0800,1,1
275,33,21,1351,6253,0700_0800,1,1
276,37,21,1349,6253,0700_0800,1,1
277,3,34,11159,1322,0700_0800,1,1
278,17,40,1289,1296,0700_0800,1,1
279,25,11,1354,5119,0700_0800,1,1
280,1,31,5577,1314,0700_0800,1,1
281,6,3,5238,11159,0700_0800,1,1
282,41,15,5578,4899,0700_0800,1,1
283,1,28,5577,1359,0700_0800,1,1
284,5,36,11282,1299,0700_0800,1,1
285,17,20,1289,1356,0700_0800,1,1
286,16,11,11827,5119,0700_0800,1,1
287,3,11,11159,5119,0700_0800,1,1
288,5,8,11282,10847,0700_0800,1,1
289,11,34,5119,1322,0700_0800,1,1
290,34,11,1322,5119,0700_0800,1,1
291,19,9,1352,5356,0700_0800,1,1
292,6,31,5238,1318,0700_0800,1,1
293,3,21,11159,6253,0700_0800,1,1
294,21,24,6253,1325,0700_0800,1,1
295,9,41,5356,5578,0700_0800,1,1
296,26,21,1323,6253,0700_0800,1,1
297,5,14,11282,5037,0700_0800,1,1
298,15,22,4899,3689,0700_0800,1,1
299,17,25,1289,1354,0700_0800,1,1
300,32,1,1285,5577,0700_0800,1,1
301,35,6,1290,5238,0700_0800,1,1
302,37,23,1349,1361,0700_0800,1,1
303,19,18,1352,1286,0700_0800,1,1
304,32,15,1285,4899,0700_0800,1,1
305,19,41,1352,5578,0700_0800,1,1
306,14,24,5037,1325,0700_0800,1,1
307,12,9,11151,5356,0700_0800,1,1
308,14,24,5037,1325,0700_0800,1,1
309,3,28,11159,1359,0700_0800,1,1
310,35,13,1290,5034,0700_0800,1,1
311,5,19,11282,1352,0700_0800,1,1
312,35,14,1290,5037,0700_0800,1,1
313,3,34,11159,1322,0700_0800,1,1
314,12,11,11151,5119,0700_0800,1,1
315,11,16,5119,11827,0700_0800,1,1
316,8,24,10847,1325,0700_0800,1,1
317,34,17,1319,1289,0700_0800,1,1
318,14,7,5037,11281,0700_0800,1,1
319,17,20,1289,1356,0700_0800,1,1
320,2,34,11123,1319,0700_0800,1,1
321,18,41,1286,5578,0700_0800,1,1
322,25,34,1354,1322,0700_0800,1,1
323,32,38,1285,1397,0700_0800,1,1
324,3,13,11159,5034,0700_0800,1,1
325,34,26,1322,1323,0700_0800,1,1
326,2,11,11123,5119,0700_0800,1,1
327,17,16,1289,11827,0700_0800,1,1
328,3,18,11159,1286,0700_0800,1,1
329,1,31,5577,1314,0700_0800,1,1
330,34,5,1322,11282,0700_0800,1,1
331,17,31,1289,1314,0700_0800,1,1
332,34,8,1322,10847,0700_0800,1,1
333,31,11,1318,5119,0700_0800,1,1
334,3,38,11159,1397,0700_0800,1,1
335,32,10,1285,5929,0700_0800,1,1
336,7,30,11281,1360,0700_0800,1,1
337,2,41,11123,5578,0700_0800,1,1
338,1,24,5577,1325,0700_0800,1,1
339,3,41,11159,5578,0700_0800,1,1
340,17,41,1289,5578,0700_0800,1,1
341,3,38,11159,1397,0700_0800,1,1
342,8,14,10847,5037,0700_0800,1,1
343,28,41,1359,5578,0700_0800,1,1
344,37,9,1349,5356,0700_0800,1,1
345,37,18,1353,1286,0700_0800,1,1
346,9,28,5356,1359,0700_0800,1,1
347,7,20,11281,1356,0700_0800,1,1
348,2,23,11123,1361,0700_0800,1,1
349,27,19,1348,1352,0700_0800,1,1
350,35,20,1290,1356,0700_0800,1,1
351,5,39,11282,1404,0700_0800,1,1
352,41,13,5578,5034,0700_0800,1,1
353,6,32,5238,1285,0700_0800,1,1
354,7,32,11281,1285,0700_0800,1,1
355,3,9,11159,5356,0700_0800,1,1
356,6,41,5238,5578,0700_0800,1,1
357,31,19,1318,1352,0700_0800,1,1
358,17,21,1289,6253,0700_0800,1,1
359,41,31,5578,1314,0700_0800,1,1
360,35,19,1290,1352,0700_0800,1,1
361,2,16,11123,11827,0700_0800,1,1
362,1,18,5577,1286,0700_0800,1,1
363,3,32,11159,1285,0700_0800,1,1
364,31,11,1318,5119,0700_0800,1,1
365,1,9,5577,5356,0700_0800,1,1
366,36,11,1299,5119,0700_0800,1,1
367,1,41,5577,5578,0700_0800,1,1
368,6,34,5238,1322,0700_0800,1,1
369,2,37,11123,1353,0700_0800,1,1
370,34,13,1319,5034,0700_0800,1,1
371,13,22,5034,3689,0700_0800,1,1
372,33,15,1351,4899,0700_0800,1,1
373,3,22,11159,3689,0700_0800,1,1
374,28,41,1359,5578,0700_0800,1,1
375,4,16,11180,11827,0700_0800,1,1
376,27,9,1348,5356,0700_0800,1,1
377,35,11,1290,5119,0700_0800,1,1
378,19,24,1352,1325,0700_0800,1,1
379,28,14,1359,5037,0700_0800,1,1
380,3,37,11159,1353,0700_0800,1,1
381,6,28,5238,1359,0700_0800,1,1
382,2,20,11123,1356,0700_0800,1,1
383,34,31,1322,1318,0700_0800,1,1
384,3,11,11159,5119,0700_0800,1,1
385,6,37,5238,1349,0700_0800,1,1
386,9,14,5356,5037,0700_0800,1,1
387,18,34,1286,1319,0700_0800,1,1
388,3,1,11159,5577,0700_0800,1,1
389,34,28,1322,1359,0700_0800,1,1
390,25,3,1354,11159,0700_0800,1,1
391,5,26,11282,1323,0700_0800,1,1
392,13,11,5034,5119,0700_0800,1,1
393,3,11,11159,5119,0700_0800,1,1
394,1,14,5577,5037,0700_0800,1,1
395,21,13,6253,5034,0700_0800,1,1
396,16,37,11827,1353,0700_0800,1,1
397,6,21,5238,6253,0700_0800,1,1
398,14,8,5037,10847,0700_0800,1,1
399,32,21,1285,6253,0700_0800,1,1
400,31,36,1314,1299,0700_0800,1,1
401,2,13,11123,5034,0700_0800,1,1
402,37,24,1353,1325,0700_0800,1,1
403,7,9,11281,5356,0700_0800,1,1
404,11,39,5119,1404,0700_0800,1,1
405,2,37,11123,1353,0700_0800,1,1
406,11,24,5119,1325,0700_0800,1,1
407,9,34,5356,1322,0700_0800,1,1
408,5,3,11282,11159,0700_0800,1,1
409,12,22,11151,3689,0700_0800,1,1
410,41,3,5578,11159,0700_0800,1,1
411,32,1,1285,5577,0700_0800,1,1
412,3,21,11159,6253,0700_0800,1,1
413,1,37,5577,1353,0700_0800,1,1
414,33,37,1351,1349,0700_0800,1,1
415,41,21,5578,6253,0700_0800,1,1
416,28,23,1359,1361,0700_0800,1,1
417,3,37,11159,1353,0700_0800,1,1
418,17,11,1289,5119,0700_0800,1,1
419,3,24,11159,1325,0700_0800,1,1
420,2,24,11123,1325,0700_0800,1,1
421,3,41,11159,5578,0700_0800,1,1
422,17,24,1289,1325,0700_0800,1,1
423,34,41,1319,5578,0700_0800,1,1
424,9,6,5356,5238,0700_0800,1,1
425,28,9,1359,5356,0700_0800,1,1
426,41,34,5578,1319,0700_0800,1,1
427,12,34,11151,1319,0700_0800,1,1
428,34,19,1322,1352,0700_0800,1,1
429,25,19,1355,1352,0700_0800,1,1
430,25,24,1354,1325,0700_0800,1,1
431,31,11,1318,5119,0700_0800,1,1
432,5,21,11282,6253,0700_0800,1,1
433,25,28,1355,1359,0700_0800,1,1
434,34,11,1322,5119,0700_0800,1,1
435,31,21,1318,6253,0700_0800,1,1
436,14,16,5037,11827,0700_0800,1,1
437,21,41,6253,5578,0700_0800,1,1
438,27,18,1346,1286,0700_0800,1,1
439,16,13,11827,5034,0700_0800,1,1
440,19,14,1352,5037,0700_0800,1,1
441,20,41,1356,5578,0700_0800,1,1
442,24,16,1325,11827,0700_0800,1,1
443,3,17,11159,1289,0700_0800,1,1
444,41,24,5578,1325,0700_0800,1,1
445,14,21,5037,6253,0700_0800,1,1
446,28,15,1359,4899,0700_0800,1,1
447,37,16,1353,11827,0700_0800,1,1
448,41,37,5578,1353,0700_0800,1,1
449,21,34,6253,1322,0700_0800,1,1
450,1,28,5577,1359,0700_0800,1,1
451,7,21,11281,6253,0700_0800,1,1
452,11,1,5119,5577,0700_0800,1,1
453,32,14,1285,5037,0700_0800,1,1
454,6,32,5238,1285,0700_0800,1,1
455,1,11,5577,5119,0700_0800,1,1
456,31,41,1314,5578,0700_0800,1,1
457,6,11,5238,5119,0700_0800,1,1
458,17,9,1289,5356,0700_0800,1,1
459,37,11,1353,5119,0700_0800,1,1
460,6,9,5238,5356,0700_0800,1,1
461,1,13,5577,5034,0700_0800,1,1
462,3,14,11159,5037,0700_0800,1,1
463,1,11,5577,5119,0700_0800,1,1
464,3,24,11159,1325,0700_0800,1,1
465,5,41,11282,5578,0700_0800,1,1
466,1,34,5577,1319,0700_0800,1,1
467,6,13,5238,5034,0700_0800,1,1
468,27,38,1348,1397,0700_0800,1,1
469,31,21,1318,6253,0700_0800,1,1
470,9,35,5356,1290,0700_0800,1,1
471,3,19,11159,1352,0700_0800,1,1
472,1,9,5577,5356,0700_0800,1,1
473,11,28,5119,1359,0700_0800,1,1
474,34,24,1322,1325,0700_0800,1,1
475,5,21,11282,6253,0700_0800,1,1
476,3,13,11159,5034,0700_0800,1,1
477,31,14,1314,5037,0700_0800,1,1
478,5,9,11282,5356,0700_0800,1,1
479,2,3,11123,11159,0700_0800,1,1
480,3,1,11159,5577,0700_0800,1,1
481,12,27,11151,1346,0700_0800,1,1
482,2,6,11123,5238,0700_0800,1,1
483,1,41,5577,5578,0700_0800,1,1
484,24,25,1325,1354,0700_0800,1,1
485,3,9,11159,5356,0700_0800,1,1
486,11,36,5119,1299,0700_0800,1,1
487,17,22,1289,3689,0700_0800,1,1
488,11,9,5119,5356,0700_0800,1,1
489,6,27,5238,1348,0700_0800,1,1
490,27,28,1348,1359,0700_0800,1,1
491,7,21,11281,6253,0700_0800,1,1
492,3,41,11159,5578,0700_0800,1,1
493,17,41,1289,5578,0700_0800,1,1
494,1,24,5577,1325,0700_0800,1,1
495,2,41,11123,5578,0700_0800,1,1
496,14,21,5037,6253,0700_0800,1,1
497,6,19,5238,1352,0700_0800,1,1
498,1,9,5577,5356,0700_0800,1,1
499,12,41,11151,5578,0700_0800,1,1
500,25,22,1355,3689,0700_0800,1,1
501,41,10,5578,5929,0700_0800,1,1
502,2,14,11123,5037,0700_0800,1,1
503,7,11,11281,5119,0700_0800,1,1
504,2,11,11123,5119,0700_0800,1,1
505,7,41,11281,5578,0700_0800,1,1
506,1,21,5577,6253,0700_0800,1,1
507,11,41,5119,5578,0700_0800,1,1
508,27,41,1346,5578,0700_0800,1,1
509,32,11,1285,5119,0700_0800,1,1
510,17,14,1289,5037,0700_0800,1,1
511,32,41,1285,5578,0700_0800,1,1
512,26,23,1323,1361,0700_0800,1,1
513,36,37,1299,1353,0700_0800,1,1
514,5,17,11282,1289,0700_0800,1,1
515,16,14,11827,5037,0700_0800,1,1
516,5,37,11282,1349,0700_0800,1,1
517,3,13,11159,5034,0700_0800,1,1
518,6,22,5238,3689,0700_0800,1,1
519,28,24,1359,1325,0700_0800,1,1
520,13,35,5034,1290,0700_0800,1,1
521,28,9,1359,5356,0700_0800,1,1
522,36,14,1299,5037,0700_0800,1,1
523,26,41,1323,5578,0700_0800,1,1
524,28,1,1359,5577,0700_0800,1,1
525,3,9,11159,5356,0700_0800,1,1
526,6,41,5238,5578,0700_0800,1,1
527,11,34,5119,1322,0700_0800,1,1
528,28,24,1359,1325,0700_0800,1,1
529,9,30,5356,1360,0700_0800,1,1
530,19,17,1352,1289,0700_0800,1,1
531,31,7,1318,11281,0700_0800,1,1
532,32,33,1285,1351,0700_0800,1,1
533,14,13,5037,5034,0700_0800,1,1
534,3,11,11159,5119,0700_0800,1,1
535,12,9,11151,5356,0700_0800,1,1
536,37,15,1353,4899,0700_0800,1,1
537,6,21,5238,6253,0700_0800,1,1
538,2,3,11123,11159,0700_0800,1,1
539,14,11,5037,5119,0700_0800,1,1
540,17,31,1289,1314,0700_0800,1,1
541,6,24,5238,1325,0700_0800,1,1
542,3,19,11159,1352,0700_0800,1,1
543,19,41,1352,5578,0700_0800,1,1
544,27,3,1346,11159,0700_0800,1,1
545,41,33,5578,1351,0700_0800,1,1
546,6,13,5238,5034,0700_0800,1,1
547,4,41,11180,5578,0700_0800,1,1
548,18,26,1286,1323,0700_0800,1,1
549,5,30,11282,1360,0700_0800,1,1
550,18,19,1286,1352,0700_0800,1,1
551,6,14,5238,5037,0700_0800,1,1
552,36,3,1299,11159,0700_0800,1,1
553,41,38,5578,1397,0700_0800,1,1
554,9,24,5356,1325,0700_0800,1,1
555,18,13,1286,5034,0700_0800,1,1
556,27,9,1348,5356,0700_0800,1,1
557,3,21,11159,6253,0700_0800,1,1
558,12,28,11151,1359,0700_0800,1,1
559,32,17,1285,1289,0700_0800,1,1
560,31,38,1318,1397,0700_0800,1,1
561,6,3,5238,11159,0700_0800,1,1
562,8,22,10847,3689,0700_0800,1,1
563,5,1,11282,5577,0700_0800,1,1
564,17,32,1289,1285,0700_0800,1,1
565,34,3,1322,11159,0700_0800,1,1
566,2,21,11123,6253,0700_0800,1,1
567,41,19,5578,1352,0700_0800,1,1
568,17,11,1289,5119,0700_0800,1,1
569,12,21,11151,6253,0700_0800,1,1
570,18,15,1286,4899,0700_0800,1,1
571,16,31,11827,1314,0700_0800,1,1
572,6,14,5238,5037,0700_0800,1,1
573,41,13,5578,5034,0700_0800,1,1
574,2,5,11123,11282,0700_0800,1,1
575,14,16,5037,11827,0700_0800,1,1
576,11,24,5119,1325,0700_0800,1,1
577,3,6,11159,5238,0700_0800,1,1
578,9,24,5356,1325,0700_0800,1,1
579,2,13,11123,5034,0700_0800,1,1
580,13,38,5034,1397,0700_0800,1,1
581,1,14,5577,5037,0700_0800,1,1
582,34,31,1322,1318,0700_0800,1,1
583,34,11,1322,5119,0700_0800,1,1
584,27,24,1346,1325,0700_0800,1,1
585,3,23,11159,1361,0700_0800,1,1
586,2,9,11123,5356,0700_0800,1,1
587,1,41,5577,5578,0700_0800,1,1
588,25,36,1354,1299,0700_0800,1,1
589,41,38,5578,1397,0700_0800,1,1
590,27,17,1346,1289,0700_0800,1,1
591,9,11,5356,5119,0700_0800,1,1
592,3,15,11159,4899,0700_0800,1,1
593,31,24,1318,1325,0700_0800,1,1
594,34,20,1322,1356,0700_0800,1,1
595,3,32,11159,1285,0700_0800,1,1
596,9,11,5356,5119,0700_0800,1,1
597,17,21,1289,6253,0700_0800,1,1
598,28,6,1359,5238,0700_0800,1,1
599,2,36,11123,1299,0700_0800,1,1
600,41,24,5578,1325,0700_0800,1,1
601,17,27,1289,1346,0700_0800,1,1
602,1,38,5577,1397,0700_0800,1,1
603,2,9,11123,5356,0700_0800,1,1
604,6,24,5238,1325,0700_0800,1,1
605,11,14,5119,5037,0700_0800,1,1
606,1,38,5577,1397,0700_0800,1,1
607,31,32,1314,1285,0700_0800,1,1
608,2,24,11123,1325,0700_0800,1,1
609,3,24,11159,1325,0700_0800,1,1
610,34,41,1319,5578,0700_0800,1,1
611,3,41,11159,5578,0700_0800,1,1
612,17,24,1289,1325,0700_0800,1,1
613,17,11,1289,5119,0700_0800,1,1
614,26,20,1323,1356,0700_0800,1,1
615,31,11,1318,5119,0700_0800,1,1
616,2,33,11123,1351,0700_0800,1,1
617,8,32,10847,1285,0700_0800,1,1
618,25,17,1354,1289,0700_0800,1,1
619,16,20,11827,1356,0700_0800,1,1
620,20,11,1357,5119,0700_0800,1,1
621,41,3,5578,11159,0700_0800,1,1
622,31,20,1318,1356,0700_0800,1,1
623,27,14,1346,5037,0700_0800,1,1
624,3,41,11159,5578,0700_0800,1,1
625,17,41,1289,5578,0700_0800,1,1
626,2,41,11123,5578,0700_0800,1,1
627,1,24,5577,1325,0700_0800,1,1
628,34,3,1322,11159,0700_0800,1,1
629,31,24,1318,1325,0700_0800,1,1
630,31,9,1318,5356,0700_0800,1,1
631,3,11,11159,5119,0700_0800,1,1
632,3,38,11159,1397,0700_0800,1,1
633,32,16,1285,11827,0700_0800,1,1
634,27,16,1346,11827,0700_0800,1,1
635,37,9,1349,5356,0700_0800,1,1
636,20,30,1357,1360,0700_0800,1,1
637,14,34,5037,1319,0700_0800,1,1
638,24,36,1325,1299,0700_0800,1,1
639,31,11,1318,5119,0700_0800,1,1
640,18,11,1286,5119,0700_0800,1,1
641,4,14,11180,5037,0700_0800,1,1
642,11,9,5119,5356,0700_0800,1,1
643,31,14,1314,5037,0700_0800,1,1
644,7,14,11281,5037,0700_0800,1,1
645,28,20,1359,1357,0700_0800,1,1
646,27,14,1346,5037,0700_0800,1,1
647,21,6,6253,5238,0700_0800,1,1
648,12,13,11151,5034,0700_0800,1,1
649,37,24,1353,1325,0700_0800,1,1
650,6,13,5238,5034,0700_0800,1,1
651,37,22,1349,3689,0700_0800,1,1
652,32,10,1285,5929,0700_0800,1,1
653,3,14,11159,5037,0700_0800,1,1
654,20,9,1357,5356,0700_0800,1,1
655,1,34,5577,1319,0700_0800,1,1
656,6,11,5238,5119,0700_0800,1,1
657,3,9,11159,5356,0700_0800,1,1
658,6,9,5238,5356,0700_0800,1,1
659,5,41,11282,5578,0700_0800,1,1
660,1,13,5577,5034,0700_0800,1,1
661,1,11,5577,5119,0700_0800,1,1
662,3,14,11159,5037,0700_0800,1,1
663,17,9,1289,5356,0700_0800,1,1
664,3,24,11159,1325,0700_0800,1,1
665,1,11,5577,5119,0700_0800,1,1
666,37,11,1353,5119,0700_0800,1,1
667,31,41,1314,5578,0700_0800,1,1
668,6,41,5238,5578,0700_0800,1,1
669,3,21,11159,6253,0700_0800,1,1
670,3,13,11159,5034,0700_0800,1,1
671,20,22,1357,3689,0700_0800,1,1
672,5,24,11282,1325,0700_0800,1,1
673,37,18,1353,1286,0700_0800,1,1
674,36,41,1299,5578,0700_0800,1,1
675,18,36,1286,1299,0700_0800,1,1
676,2,31,11123,1314,0700_0800,1,1
677,1,19,5577,1352,0700_0800,1,1
678,12,26,11151,1323,0700_0800,1,1
679,9,24,5356,1325,0700_0800,1,1
680,34,19,1322,1352,0700_0800,1,1
681,3,20,11159,1356,0700_0800,1,1
682,28,9,1359,5356,0700_0800,1,1
683,26,1,1323,5577,0700_0800,1,1
684,18,36,1286,1299,0700_0800,1,1
685,12,32,11151,1285,0700_0800,1,1
686,1,22,5577,3689,0700_0800,1,1
687,1,9,5577,5356,0700_0800,1,1
688,36,3,1299,11159,0700_0800,1,1
689,3,28,11159,1359,0700_0800,1,1
690,19,11,1352,5119,0700_0800,1,1
691,1,41,5577,5578,0700_0800,1,1
692,28,34,1359,1322,0700_0800,1,1
693,1,20,5577,1356,0700_0800,1,1
694,7,24,11281,1325,0700_0800,1,1
695,5,9,11282,5356,0700_0800,1,1
696,20,7,1356,11281,0700_0800,1,1
697,5,6,11282,5238,0700_0800,1,1
698,21,2,6253,11123,0700_0800,1,1
699,15,32,4899,1285,0700_0800,1,1
700,37,24,1353,1325,0700_0800,1,1
701,37,19,1349,1352,0700_0800,1,1
702,2,3,11123,11159,0700_0800,1,1
703,2,1,11123,5577,0700_0800,1,1
704,9,21,5356,6253,0700_0800,1,1
705,34,24,1322,1325,0700_0800,1,1
706,11,40,5119,1296,0700_0800,1,1
707,3,18,11159,1286,0700_0800,1,1
708,2,34,11123,1319,0700_0800,1,1
709,31,3,1318,11159,0700_0800,1,1
710,5,15,11282,4899,0700_0800,1,1
711,41,30,5578,1360,0700_0800,1,1
712,6,37,5238,1349,0700_0800,1,1
713,3,25,11159,1354,0700_0800,1,1
714,12,11,11151,5119,0700_0800,1,1
715,31,3,1318,11159,0700_0800,1,1
716,1,9,5577,5356,0700_0800,1,1
717,17,10,1289,5929,0700_0800,1,1
718,25,9,1355,5356,0700_0800,1,1
719,32,41,1285,5578,0700_0800,1,1
720,7,11,11281,5119,0700_0800,1,1
721,7,41,11281,5578,0700_0800,1,1
722,1,21,5577,6253,0700_0800,1,1
723,11,41,5119,5578,0700_0800,1,1
724,17,14,1289,5037,0700_0800,1,1
725,32,11,1285,5119,0700_0800,1,1
726,27,41,1346,5578,0700_0800,1,1
727,2,11,11123,5119,0700_0800,1,1
728,2,14,11123,5037,0700_0800,1,1
729,37,41,1353,5578,0700_0800,1,1
730,1,15,5577,4899,0700_0800,1,1
731,21,22,6253,3689,0700_0800,1,1
732,31,13,1314,5034,0700_0800,1,1
733,20,32,1356,1285,0700_0800,1,1
734,11,32,5119,1285,0700_0800,1,1
735,14,3,5037,11159,0700_0800,1,1
736,5,16,11282,11827,0700_0800,1,1
737,11,21,5119,6253,0700_0800,1,1
738,34,28,1322,1359,0700_0800,1,1
739,28,33,1359,1351,0700_0800,1,1
740,21,41,6253,5578,0700_0800,1,1
741,2,11,11123,5119,0700_0800,1,1
742,35,34,1290,1319,0700_0800,1,1
743,11,26,5119,1323,0700_0800,1,1
744,31,14,1314,5037,0700_0800,1,1
745,1,9,5577,5356,0700_0800,1,1
746,41,1,5578,5577,0700_0800,1,1
747,28,3,1359,11159,0700_0800,1,1
748,34,9,1322,5356,0700_0800,1,1
749,34,24,1322,1325,0700_0800,1,1
750,37,35,1353,1290,0700_0800,1,1
751,5,14,11282,5037,0700_0800,1,1
752,41,21,5578,6253,0700_0800,1,1
753,32,21,1285,6253,0700_0800,1,1
754,3,9,11159,5356,0700_0800,1,1
755,5,34,11282,1322,0700_0800,1,1
756,3,16,11159,11827,0700_0800,1,1
757,17,36,1289,1299,0700_0800,1,1
758,37,24,1353,1325,0700_0800,1,1
759,41,23,5578,1361,0700_0800,1,1
760,3,37,11159,1353,0700_0800,1,1
761,1,15,5577,4899,0700_0800,1,1
762,31,28,1318,1359,0700_0800,1,1
763,3,11,11159,5119,0700_0800,1,1
764,1,14,5577,5037,0700_0800,1,1
765,27,40,1346,1296,0700_0800,1,1
766,35,16,1290,11827,0700_0800,1,1
767,18,35,1286,1290,0700_0800,1,1
768,18,37,1286,1353,0700_0800,1,1
769,1,28,5577,1359,0700_0800,1,1
770,32,26,1285,1323,0700_0800,1,1
771,36,11,1299,5119,0700_0800,1,1
772,14,13,5037,5034,0700_0800,1,1
773,27,34,1346,1322,0700_0800,1,1
774,7,14,11281,5037,0700_0800,1,1
775,14,11,5037,5119,0700_0800,1,1
776,34,2,1319,11123,0700_0800,1,1
777,1,38,5577,1397,0700_0800,1,1
778,34,22,1322,3689,0700_0800,1,1
779,21,41,6253,5578,0700_0800,1,1
780,41,7,5578,11281,0700_0800,1,1
781,13,34,5034,1319,0700_0800,1,1
782,14,41,5037,5578,0700_0800,1,1
783,17,41,1289,5578,0700_0800,1,1
784,2,41,11123,5578,0700_0800,1,1
785,1,24,5577,1325,0700_0800,1,1
786,3,41,11159,5578,0700_0800,1,1
787,3,20,11159,1356,0700_0800,1,1
788,34,11,1322,5119,0700_0800,1,1
789,37,13,1353,5034,0700_0800,1,1
790,3,14,11159,5037,0700_0800,1,1
791,31,8,1318,10847,0700_0800,1,1
792,15,11,4899,5119,0700_0800,1,1
793,41,35,5578,1290,0700_0800,1,1
794,41,13,5578,5034,0700_0800,1,1
795,32,20,1285,1356,0700_0800,1,1
796,2,31,11123,1314,0700_0800,1,1
797,7,21,11281,6253,0700_0800,1,1
798,3,21,11159,6253,0700_0800,1,1
799,1,36,5577,1299,0700_0800,1,1
800,31,34,1318,1322,0700_0800,1,1
801,28,11,1359,5119,0700_0800,1,1
802,6,14,5238,5037,0700_0800,1,1
803,41,26,5578,1323,0700_0800,1,1
804,6,31,5238,1318,0700_0800,1,1
805,21,38,6253,1397,0700_0800,1,1
806,11,19,5119,1352,0700_0800,1,1
807,19,28,1352,1359,0700_0800,1,1
808,31,21,1318,6253,0700_0800,1,1
809,5,23,11282,1361,0700_0800,1,1
810,1,41,5577,5578,0700_0800,1,1
811,20,23,1357,1361,0700_0800,1,1
812,8,36,10847,1299,0700_0800,1,1
813,3,37,11159,1353,0700_0800,1,1
814,19,15,1352,4899,0700_0800,1,1
815,17,34,1289,1319,0700_0800,1,1
816,35,23,1290,1361,0700_0800,1,1
817,5,11,11282,5119,0700_0800,1,1
818,17,24,1289,1325,0700_0800,1,1
819,34,41,1319,5578,0700_0800,1,1
820,2,24,11123,1325,0700_0800,1,1
821,3,24,11159,1325,0700_0800,1,1
822,3,41,11159,5578,0700_0800,1,1
823,17,11,1289,5119,0700_0800,1,1
824,2,31,11123,1314,0700_0800,1,1
825,11,14,5119,5037,0700_0800,1,1
826,3,14,11159,5037,0700_0800,1,1
827,8,21,10847,6253,0700_0800,1,1
828,17,3,1289,11159,0700_0800,1,1
829,7,31,11281,1318,0700_0800,1,1
830,37,14,1353,5037,0700_0800,1,1
831,26,14,1323,5037,0700_0800,1,1
832,5,2,11282,11123,0700_0800,1,1
833,34,24,1322,1325,0700_0800,1,1
834,6,7,5238,11281,0700_0800,1,1
835,6,41,5238,5578,0700_0800,1,1
836,3,9,11159,5356,0700_0800,1,1
837,37,1,1353,5577,0700_0800,1,1
838,11,34,5119,1322,0700_0800,1,1
839,17,18,1289,1286,0700_0800,1,1
840,7,18,11281,1286,0700_0800,1,1
841,3,5,11159,11282,0700_0800,1,1
842,15,41,4899,5578,0700_0800,1,1
843,35,23,1290,1361,0700_0800,1,1
844,15,19,4899,1352,0700_0800,1,1
845,1,16,5577,11827,0700_0800,1,1
846,18,14,1286,5037,0700_0800,1,1
847,20,14,1356,5037,0700_0800,1,1
848,8,16,10847,11827,0700_0800,1,1
849,25,11,1354,5119,0700_0800,1,1
850,3,31,11159,1318,0700_0800,1,1
851,17,34,1289,1319,0700_0800,1,1
852,31,34,1318,1322,0700_0800,1,1
853,27,26,1346,1323,0700_0800,1,1
854,5,24,11282,1325,0700_0800,1,1
855,6,21,5238,6253,0700_0800,1,1
856,6,14,5238,5037,0700_0800,1,1
857,27,19,1348,1352,0700_0800,1,1
858,14,27,5037,1346,0700_0800,1,1
859,20,18,1356,1286,0700_0800,1,1
860,20,13,1356,5034,0700_0800,1,1
861,14,1,5037,5577,0700_0800,1,1
862,25,13,1354,5034,0700_0800,1,1
863,7,21,11281,6253,0700_0800,1,1
864,19,32,1352,1285,0700_0800,1,1
865,37,31,1353,1318,0700_0800,1,1
866,6,21,5238,6253,0700_0800,1,1
867,28,41,1359,5578,0700_0800,1,1
868,34,14,1319,5037,0700_0800,1,1
869,4,26,11180,1323,0700_0800,1,1
870,14,30,5037,1360,0700_0800,1,1
871,5,11,11282,5119,0700_0800,1,1
872,14,11,5037,5119,0700_0800,1,1
873,32,34,1285,1319,0700_0800,1,1
874,34,6,1322,5238,0700_0800,1,1
875,14,21,5037,6253,0700_0800,1,1
876,37,41,1353,5578,0700_0800,1,1
877,6,11,5238,5119,0700_0800,1,1
878,11,13,5119,5034,0700_0800,1,1
879,5,20,11282,1356,0700_0800,1,1
880,27,26,1346,1323,0700_0800,1,1
881,9,32,5356,1285,0700_0800,1,1
882,1,13,5577,5034,0700_0800,1,1
883,17,9,1289,5356,0700_0800,1,1
884,1,34,5577,1319,0700_0800,1,1
885,3,11,11159,5119,0700_0800,1,1
886,5,41,11282,5578,0700_0800,1,1
887,37,11,1353,5119,0700_0800,1,1
888,3,14,11159,5037,0700_0800,1,1
889,6,9,5238,5356,0700_0800,1,1
890,1,11,5577,5119,0700_0800,1,1
891,6,11,5238,5119,0700_0800,1,1
892,31,41,1314,5578,0700_0800,1,1
893,3,24,11159,1325,0700_0800,1,1
894,1,11,5577,5119,0700_0800,1,1
895,13,16,5034,11827,0700_0800,1,1
896,31,27,1318,1346,0700_0800,1,1
897,27,15,1346,4899,0700_0800,1,1
898,4,18,11180,1286,0700_0800,1,1
899,9,34,5356,1322,0700_0800,1,1
900,27,21,1348,6253,0700_0800,1,1
901,5,31,11282,1318,0700_0800,1,1
902,14,9,5037,5356,0700_0800,1,1
903,32,22,1285,3689,0700_0800,1,1
904,41,17,5578,1289,0700_0800,1,1
905,33,18,1351,1286,0700_0800,1,1
906,32,31,1285,1314,0700_0800,1,1
907,34,11,1322,5119,0700_0800,1,1
908,17,37,1289,1353,0700_0800,1,1
909,37,41,1353,5578,0700_0800,1,1
910,3,7,11159,11281,0700_0800,1,1
911,18,21,1286,6253,0700_0800,1,1
912,27,20,1348,1356,0700_0800,1,1
913,32,13,1285,5034,0700_0800,1,1
914,2,13,11123,5034,0700_0800,1,1
915,18,41,1286,5578,0700_0800,1,1
916,1,18,5577,1286,0700_0800,1,1
917,5,24,11282,1325,0700_0800,1,1
918,2,19,11123,1352,0700_0800,1,1
919,5,24,11282,1325,0700_0800,1,1
920,35,31,1290,1314,0700_0800,1,1
921,14,35,5037,1290,0700_0800,1,1
922,9,41,5356,5578,0700_0800,1,1
923,7,22,11281,3689,0700_0800,1,1
924,18,31,1286,1314,0700_0800,1,1
925,20,37,1356,1349,0700_0800,1,1
926,28,11,1359,5119,0700_0800,1,1
927,3,22,11159,3689,0700_0800,1,1
928,3,26,11159,1323,0700_0800,1,1
929,6,36,5238,1299,0700_0800,1,1
930,34,9,1322,5356,0700_0800,1,1
931,1,17,5577,1289,0700_0800,1,1
932,1,41,5577,5578,0700_0800,1,1
933,25,41,1354,5578,0700_0800,1,1
934,35,15,1290,4899,0700_0800,1,1
935,18,3,1286,11159,0700_0800,1,1
936,33,19,1351,1352,0700_0800,1,1
937,3,21,11159,6253,0700_0800,1,1
938,17,19,1289,1352,0700_0800,1,1
939,2,34,11123,1319,0700_0800,1,1
940,5,17,11282,1289,0700_0800,1,1
941,31,13,1314,5034,0700_0800,1,1
942,10,32,5929,1285,0700_0800,1,1
943,11,9,5119,5356,0700_0800,1,1
944,37,28,1353,1359,0700_0800,1,1
945,14,3,5037,11159,0700_0800,1,1
946,2,41,11123,5578,0700_0800,1,1
947,17,41,1289,5578,0700_0800,1,1
948,3,41,11159,5578,0700_0800,1,1
949,1,24,5577,1325,0700_0800,1,1
950,25,11,1354,5119,0700_0800,1,1
951,11,9,5119,5356,0700_0800,1,1
952,32,9,1285,5356,0700_0800,1,1
953,34,21,1322,6253,0700_0800,1,1
954,33,27,1351,1348,0700_0800,1,1
955,20,37,1356,1349,0700_0800,1,1
956,32,27,1285,1346,0700_0800,1,1
957,37,41,1353,5578,0700_0800,1,1
958,18,36,1286,1299,0700_0800,1,1
959,6,20,5238,1356,0700_0800,1,1
960,28,37,1359,1353,0700_0800,1,1
961,1,14,5577,5037,0700_0800,1,1
962,37,22,1349,3689,0700_0800,1,1
963,34,11,1322,5119,0700_0800,1,1
964,5,13,11282,5034,0700_0800,1,1
965,37,30,1349,1360,0700_0800,1,1
966,6,16,5238,11827,0700_0800,1,1
967,17,31,1289,1314,0700_0800,1,1
968,31,16,1314,11827,0700_0800,1,1
969,14,38,5037,1397,0700_0800,1,1
970,4,9,11180,5356,0700_0800,1,1
971,18,41,1286,5578,0700_0800,1,1
972,2,38,11123,1397,0700_0800,1,1
973,18,41,1286,5578,0700_0800,1,1
974,28,6,1359,5238,0700_0800,1,1
975,13,14,5034,5037,0700_0800,1,1
976,7,41,11281,5578,0700_0800,1,1
977,2,14,11123,5037,0700_0800,1,1
978,32,11,1285,5119,0700_0800,1,1
979,2,11,11123,5119,0700_0800,1,1
980,32,41,1285,5578,0700_0800,1,1
981,17,14,1289,5037,0700_0800,1,1
982,7,11,11281,5119,0700_0800,1,1
983,1,21,5577,6253,0700_0800,1,1
984,27,41,1346,5578,0700_0800,1,1
985,11,41,5119,5578,0700_0800,1,1
986,28,19,1359,1352,0700_0800,1,1
987,6,20,5238,1356,0700_0800,1,1
988,37,32,1353,1285,0700_0800,1,1
989,12,6,11151,5238,0700_0800,1,1
990,31,23,1318,1361,0700_0800,1,1
991,31,14,1314,5037,0700_0800,1,1
992,1,28,5577,1359,0700_0800,1,1
993,26,21,1323,6253,0700_0800,1,1
994,14,20,5037,1356,0700_0800,1,1
995,2,11,11123,5119,0700_0800,1,1
996,41,14,5578,5037,0700_0800,1,1
997,9,11,5356,5119,0700_0800,1,1
998,36,22,1299,3689,0700_0800,1,1
999,20,41,1356,5578,0700_0800,1,1
1000,12,15,11151,4899,0700_0800,1,1
1001,32,9,1285,5356,0700_0800,1,1
1002,26,24,1323,1325,0700_0800,1,1
1003,41,9,5578,5356,0700_0800,1,1
1004,41,11,5578,5119,0700_0800,1,1
1005,17,28,1289,1359,0700_0800,1,1
1006,32,21,1285,6253,0700_0800,1,1
1007,17,33,1289,1351,0700_0800,1,1
1008,37,9,1349,5356,0700_0800,1,1
1009,20,9,1357,5356,0700_0800,1,1
1010,20,17,1356,1289,0700_0800,1,1
1011,31,26,1318,1323,0700_0800,1,1
1012,6,13,5238,5034,0700_0800,1,1
1013,1,27,5577,1346,0700_0800,1,1
1014,3,9,11159,5356,0700_0800,1,1
1015,6,41,5238,5578,0700_0800,1,1
1016,6,18,5238,1286,0700_0800,1,1
1017,25,20,1355,1356,0700_0800,1,1
1018,3,11,11159,5119,0700_0800,1,1
1019,14,31,5037,1314,0700_0800,1,1
1020,1,17,5577,1289,0700_0800,1,1
1021,35,11,1290,5119,0700_0800,1,1
1022,12,11,11151,5119,0700_0800,1,1
1023,3,11,11159,5119,0700_0800,1,1
1024,3,7,11159,11281,0700_0800,1,1
1025,40,23,1296,1361,0700_0800,1,1
1026,8,14,10847,5037,0700_0800,1,1
1027,17,11,1289,5119,0700_0800,1,1
1028,3,24,11159,1325,0700_0800,1,1
1029,3,41,11159,5578,0700_0800,1,1
1030,17,24,1289,1325,0700_0800,1,1
1031,34,41,1319,5578,0700_0800,1,1
1032,2,24,11123,1325,0700_0800,1,1
1033,11,31,5119,1318,0700_0800,1,1
1034,24,20,1325,1357,0700_0800,1,1
1035,37,14,1353,5037,0700_0800,1,1
1036,2,34,11123,1319,0700_0800,1,1
1037,11,13,5119,5034,0700_0800,1,1
1038,34,1,1319,5577,0700_0800,1,1
1039,16,9,11827,5356,0700_0800,1,1
1040,2,1,11123,5577,0700_0800,1,1
1041,32,13,1285,5034,0700_0800,1,1
1042,14,28,5037,1359,0700_0800,1,1
1043,41,34,5578,1319,0700_0800,1,1
1044,35,32,1290,1285,0700_0800,1,1
1045,5,31,11282,1318,0700_0800,1,1
1046,27,18,1346,1286,0700_0800,1,1
1047,1,9,5577,5356,0700_0800,1,1
1048,27,33,1348,1351,0700_0800,1,1
1049,6,34,5238,1322,0700_0800,1,1
1050,11,3,5119,11159,0700_0800,1,1
1051,1,41,5577,5578,0700_0800,1,1
1052,31,11,1318,5119,0700_0800,1,1
1053,1,26,5577,1323,0700_0800,1,1
1054,5,9,11282,5356,0700_0800,1,1
1055,33,14,1351,5037,0700_0800,1,1
1056,31,9,1318,5356,0700_0800,1,1
1057,21,24,6253,1325,0700_0800,1,1
1058,34,33,1322,1351,0700_0800,1,1
1059,32,21,1285,6253,0700_0800,1,1
1060,13,37,5034,1353,0700_0800,1,1
1061,2,20,11123,1356,0700_0800,1,1
1062,35,24,1290,1325,0700_0800,1,1
1063,6,34,5238,1322,0700_0800,1,1
1064,32,6,1285,5238,0700_0800,1,1
1065,38,37,1397,1349,0700_0800,1,1
1066,27,32,1346,1285,0700_0800,1,1
1067,26,17,1323,1289,0700_0800,1,1
1068,28,24,1359,1325,0700_0800,1,1
1069,3,13,11159,5034,0700_0800,1,1
1070,17,32,1289,1285,0700_0800,1,1
1071,2,27,11123,1346,0700_0800,1,1
1072,41,28,5578,1359,0700_0800,1,1
1073,41,11,5578,5119,0700_0800,1,1
1074,36,3,1299,11159,0700_0800,1,1
1075,21,34,6253,1322,0700_0800,1,1
1076,26,35,1323,1290,0700_0800,1,1
1077,11,9,5119,5356,0700_0800,1,1
1078,11,37,5119,1353,0700_0800,1,1
1079,21,38,6253,1397,0700_0800,1,1
1080,3,21,11159,6253,0700_0800,1,1
1081,8,11,10847,5119,0700_0800,1,1
1082,14,19,5037,1352,0700_0800,1,1
1083,41,14,5578,5037,0700_0800,1,1
1084,31,11,1318,5119,0700_0800,1,1
1085,1,19,5577,1352,0700_0800,1,1
1086,27,3,1346,11159,0700_0800,1,1
1087,31,2,1314,11123,0700_0800,1,1
1088,33,11,1351,5119,0700_0800,1,1
1089,2,21,11123,6253,0700_0800,1,1
1090,26,37,1323,1353,0700_0800,1,1
1091,1,19,5577,1352,0700_0800,1,1
1092,17,13,1289,5034,0700_0800,1,1
1093,8,30,10847,1360,0700_0800,1,1
1094,34,15,1319,4899,0700_0800,1,1
1095,31,22,1318,3689,0700_0800,1,1
1096,24,41,1325,5578,0700_0800,1,1
1097,3,26,11159,1323,0700_0800,1,1
1098,39,33,1404,1351,0700_0800,1,1
1099,13,28,5034,1359,0700_0800,1,1
1100,11,24,5119,1325,0700_0800,1,1
1101,17,1,1289,5577,0700_0800,1,1
1102,21,2,6253,11123,0700_0800,1,1
1103,3,13,11159,5034,0700_0800,1,1
1104,11,18,5119,1286,0700_0800,1,1
1105,6,24,5238,1325,0700_0800,1,1
1106,19,3,1352,11159,0700_0800,1,1
1107,25,24,1354,1325,0700_0800,1,1
1108,34,9,1322,5356,0700_0800,1,1
1109,9,15,5356,4899,0700_0800,1,1
1110,17,22,1289,3689,0700_0800,1,1
1111,7,18,11281,1286,0700_0800,1,1
1112,9,24,5356,1325,0700_0800,1,1
1113,3,34,11159,1322,0700_0800,1,1
1114,17,41,1289,5578,0700_0800,1,1
1115,1,24,5577,1325,0700_0800,1,1
1116,3,41,11159,5578,0700_0800,1,1
1117,2,41,11123,5578,0700_0800,1,1
1118,20,21,1357,6253,0700_0800,1,1
1119,7,24,11281,1325,0700_0800,1,1
1120,18,41,1286,5578,0700_0800,1,1
1121,27,9,1348,5356,0700_0800,1,1
1122,33,31,1351,1318,0700_0800,1,1
1123,1,11,5577,5119,0700_0800,1,1
1124,5,41,11282,5578,0700_0800,1,1
1125,37,11,1353,5119,0700_0800,1,1
1126,1,11,5577,5119,0700_0800,1,1
1127,1,34,5577,1319,0700_0800,1,1
1128,6,11,5238,5119,0700_0800,1,1
1129,3,14,11159,5037,0700_0800,1,1
1130,17,9,1289,5356,0700_0800,1,1
1131,31,41,1314,5578,0700_0800,1,1
1132,6,9,5238,5356,0700_0800,1,1
1133,3,24,11159,1325,0700_0800,1,1
1134,1,13,5577,5034,0700_0800,1,1
1135,1,30,5577,1360,0700_0800,1,1
1136,3,5,11159,11282,0700_0800,1,1
1137,17,22,1289,3689,0700_0800,1,1
1138,33,5,1351,11282,0700_0800,1,1
1139,36,18,1299,1286,0700_0800,1,1
1140,6,21,5238,6253,0700_0800,1,1
1141,3,28,11159,1359,0700_0800,1,1
1142,26,24,1323,1325,0700_0800,1,1
1143,34,32,1319,1285,0700_0800,1,1
1144,18,14,1286,5037,0700_0800,1,1
1145,9,21,5356,6253,0700_0800,1,1
1146,1,22,5577,3689,0700_0800,1,1
1147,9,14,5356,5037,0700_0800,1,1
1148,9,17,5356,1289,0700_0800,1,1
1149,41,19,5578,1352,0700_0800,1,1
1150,11,20,5119,1357,0700_0800,1,1
1151,33,41,1351,5578,0700_0800,1,1
1152,24,28,1325,1359,0700_0800,1,1
1153,5,11,11282,5119,0700_0800,1,1
1154,27,14,1346,5037,0700_0800,1,1
1155,19,39,1352,1404,0700_0800,1,1
1156,26,14,1323,5037,0700_0800,1,1
1157,14,21,5037,6253,0700_0800,1,1
1158,32,33,1285,1351,0700_0800,1,1
1159,31,32,1314,1285,0700_0800,1,1
1160,3,11,11159,5119,0700_0800,1,1
1161,1,14,5577,5037,0700_0800,1,1
1162,27,14,1346,5037,0700_0800,1,1
1163,33,41,1351,5578,0700_0800,1,1
1164,11,21,5119,6253,0700_0800,1,1
1165,21,16,6253,11827,0700_0800,1,1
1166,37,34,1353,1322,0700_0800,1,1
1167,7,24,11281,1325,0700_0800,1,1
1168,1,3,5577,11159,0700_0800,1,1
1169,12,3,11151,11159,0700_0800,1,1
1170,9,14,5356,5037,0700_0800,1,1
1171,37,36,1353,1299,0700_0800,1,1
1172,37,24,1353,1325,0700_0800,1,1
1173,20,9,1357,5356,0700_0800,1,1
1174,11,21,5119,6253,0700_0800,1,1
1175,1,20,5577,1356,0700_0800,1,1
1176,6,24,5238,1325,0700_0800,1,1
1177,1,41,5577,5578,0700_0800,1,1
1178,16,34,11827,1319,0700_0800,1,1
1179,1,37,5577,1353,0700_0800,1,1
1180,6,41,5238,5578,0700_0800,1,1
1181,3,9,11159,5356,0700_0800,1,1
1182,12,11,11151,5119,0700_0800,1,1
1183,26,23,1323,1361,0700_0800,1,1
1184,32,14,1285,5037,0700_0800,1,1
1185,21,25,6253,1355,0700_0800,1,1
1186,26,11,1323,5119,0700_0800,1,1
1187,19,9,1352,5356,0700_0800,1,1
1188,27,21,1348,6253,0700_0800,1,1
1189,7,1,11281,5577,0700_0800,1,1
1190,9,15,5356,4899,0700_0800,1,1
1191,32,19,1285,1352,0700_0800,1,1
1192,31,15,1314,4899,0700_0800,1,1
1193,12,14,11151,5037,0700_0800,1,1
1194,19,21,1352,6253,0700_0800,1,1
1195,11,24,5119,1325,0700_0800,1,1
1196,11,22,5119,3689,0700_0800,1,1
1197,2,19,11123,1352,0700_0800,1,1
1198,16,14,11827,5037,0700_0800,1,1
1199,21,27,6253,1348,0700_0800,1,1
1200,31,9,1318,5356,0700_0800,1,1
1201,13,26,5034,1323,0700_0800,1,1
1202,31,24,1318,1325,0700_0800,1,1
1203,21,14,6253,5037,0700_0800,1,1
1204,32,3,1285,11159,0700_0800,1,1
1205,19,38,1352,1397,0700_0800,1,1
1206,11,34,5119,1322,0700_0800,1,1
1207,3,21,11159,6253,0700_0800,1,1
1208,7,26,11281,1323,0700_0800,1,1
1209,9,41,5356,5578,0700_0800,1,1
1210,2,18,11123,1286,0700_0800,1,1
1211,5,34,11282,1322,0700_0800,1,1
1212,33,13,1351,5034,0700_0800,1,1
1213,34,1,1319,5577,0700_0800,1,1
1214,4,1,11180,5577,0700_0800,1,1
1215,9,21,5356,6253,0700_0800,1,1
1216,25,36,1354,1299,0700_0800,1,1
1217,5,9,11282,5356,0700_0800,1,1
1218,7,15,11281,4899,0700_0800,1,1
1219,9,2,5356,11123,0700_0800,1,1
1220,11,6,5119,5238,0700_0800,1,1
1221,3,22,11159,3689,0700_0800,1,1
1222,2,11,11123,5119,0700_0800,1,1
1223,2,14,11123,5037,0700_0800,1,1
1224,11,41,5119,5578,0700_0800,1,1
1225,32,41,1285,5578,0700_0800,1,1
1226,27,41,1346,5578,0700_0800,1,1
1227,32,11,1285,5119,0700_0800,1,1
1228,17,14,1289,5037,0700_0800,1,1
1229,7,11,11281,5119,0700_0800,1,1
1230,7,41,11281,5578,0700_0800,1,1
1231,1,21,5577,6253,0700_0800,1,1
1232,24,15,1325,4899,0700_0800,1,1
1233,19,38,1352,1397,0700_0800,1,1
1234,3,23,11159,1361,0700_0800,1,1
1235,9,31,5356,1318,0700_0800,1,1
1236,41,16,5578,11827,0700_0800,1,1
1237,6,13,5238,5034,0700_0800,1,1
1238,6,11,5238,5119,0700_0800,1,1
1239,3,22,11159,3689,0700_0800,1,1
1240,32,35,1285,1290,0700_0800,1,1
1241,14,41,5037,5578,0700_0800,1,1
1242,17,23,1289,1361,0700_0800,1,1
1243,32,21,1285,6253,0700_0800,1,1
1244,31,24,1318,1325,0700_0800,1,1
1245,28,2,1359,11123,0700_0800,1,1
1246,14,41,5037,5578,0700_0800,1,1
1247,11,3,5119,11159,0700_0800,1,1
1248,27,38,1348,1397,0700_0800,1,1
1249,3,41,11159,5578,0700_0800,1,1
1250,17,11,1289,5119,0700_0800,1,1
1251,3,24,11159,1325,0700_0800,1,1
1252,17,24,1289,1325,0700_0800,1,1
1253,34,41,1319,5578,0700_0800,1,1
1254,2,24,11123,1325,0700_0800,1,1
1255,1,19,5577,1352,0700_0800,1,1
1256,33,28,1351,1359,0700_0800,1,1
1257,2,34,11123,1319,0700_0800,1,1
1258,6,24,5238,1325,0700_0800,1,1
1259,3,31,11159,1318,0700_0800,1,1
1260,39,37,1404,1349,0700_0800,1,1
1261,26,31,1323,1318,0700_0800,1,1
1262,18,13,1286,5034,0700_0800,1,1
1263,7,3,11281,11159,0700_0800,1,1
1264,6,17,5238,1289,0700_0800,1,1
1265,28,41,1359,5578,0700_0800,1,1
1266,27,37,1348,1349,0700_0800,1,1
1267,7,13,11281,5034,0700_0800,1,1
1268,2,32,11123,1285,0700_0800,1,1
1269,1,31,5577,1314,0700_0800,1,1
1270,17,5,1289,11282,0700_0800,1,1
1271,34,21,1322,6253,0700_0800,1,1
1272,17,41,1289,5578,0700_0800,1,1
1273,3,41,11159,5578,0700_0800,1,1
1274,2,41,11123,5578,0700_0800,1,1
1275,1,24,5577,1325,0700_0800,1,1
1276,18,34,1286,1319,0700_0800,1,1
1277,11,2,5119,11123,0700_0800,1,1
1278,25,21,1355,6253,0700_0800,1,1
1279,7,23,11281,1361,0700_0800,1,1
1280,3,39,11159,1404,0700_0800,1,1
1281,1,15,5577,4899,0700_0800,1,1
1282,27,1,1346,5577,0700_0800,1,1
1283,6,15,5238,4899,0700_0800,1,1
1284,3,11,11159,5119,0700_0800,1,1
1285,37,9,1349,5356,0700_0800,1,1
1286,31,16,1314,11827,0700_0800,1,1
1287,31,11,1318,5119,0700_0800,1,1
1288,7,28,11281,1359,0700_0800,1,1
1289,6,34,5238,1322,0700_0800,1,1
1290,20,16,1356,11827,0700_0800,1,1
1291,27,21,1348,6253,0700_0800,1,1
1292,7,36,11281,1299,0700_0800,1,1
1293,1,41,5577,5578,0700_0800,1,1
1294,41,24,5578,1325,0700_0800,1,1
1295,14,2,5037,11123,0700_0800,1,1
1296,3,11,11159,5119,0700_0800,1,1
1297,27,34,1346,1322,0700_0800,1,1
1298,18,38,1286,1397,0700_0800,1,1
1299,14,13,5037,5034,0700_0800,1,1
1300,2,34,11123,1319,0700_0800,1,1
1301,41,11,5578,5119,0700_0800,1,1
1302,37,2,1353,11123,0700_0800,1,1
1303,31,22,1318,3689,0700_0800,1,1
1304,27,14,1346,5037,0700_0800,1,1
1305,9,19,5356,1352,0700_0800,1,1
1306,9,13,5356,5034,0700_0800,1,1
1307,21,11,6253,5119,0700_0800,1,1
1308,10,20,5929,1357,0700_0800,1,1
1309,3,19,11159,1352,0700_0800,1,1
1310,21,13,6253,5034,0700_0800,1,1
1311,6,4,5238,11180,0700_0800,1,1
1312,41,34,5578,1319,0700_0800,1,1
1313,21,8,6253,10847,0700_0800,1,1
1314,7,31,11281,1318,0700_0800,1,1
1315,34,17,1319,1289,0700_0800,1,1
1316,18,1,1286,5577,0700_0800,1,1
1317,27,2,1346,11123,0700_0800,1,1
1318,41,16,5578,11827,0700_0800,1,1
1319,12,31,11151,1314,0700_0800,1,1
1320,31,1,1314,5577,0700_0800,1,1
1321,5,22,11282,3689,0700_0800,1,1
1322,31,24,1318,1325,0700_0800,1,1
1323,35,13,1290,5034,0700_0800,1,1
1324,5,7,11282,11281,0700_0800,1,1
1325,25,18,1354,1286,0700_0800,1,1
1326,32,14,1285,5037,0700_0800,1,1
1327,28,21,1359,6253,0700_0800,1,1
1328,5,32,11282,1285,0700_0800,1,1
1329,5,25,11282,1355,0700_0800,1,1
1330,28,34,1359,1322,0700_0800,1,1
1331,11,14,5119,5037,0700_0800,1,1
1332,20,5,1356,11282,0700_0800,1,1
1333,6,27,5238,1348,0700_0800,1,1
1334,12,1,11151,5577,0700_0800,1,1
1335,12,41,11151,5578,0700_0800,1,1
1336,5,34,11282,1322,0700_0800,1,1
1337,18,9,1286,5356,0700_0800,1,1
1338,6,22,5238,3689,0700_0800,1,1
1339,1,16,5577,11827,0700_0800,1,1
1340,27,9,1348,5356,0700_0800,1,1
1341,41,31,5578,1314,0700_0800,1,1
1342,41,21,5578,6253,0700_0800,1,1
1343,2,38,11123,1397,0700_0800,1,1
1344,37,13,1353,5034,0700_0800,1,1
1345,2,22,11123,3689,0700_0800,1,1
1346,37,14,1353,5037,0700_0800,1,1
1347,5,41,11282,5578,0700_0800,1,1
1348,6,9,5238,5356,0700_0800,1,1
1349,17,9,1289,5356,0700_0800,1,1
1350,31,41,1314,5578,0700_0800,1,1
1351,6,11,5238,5119,0700_0800,1,1
1352,3,14,11159,5037,0700_0800,1,1
1353,3,21,11159,6253,0700_0800,1,1
1354,37,11,1353,5119,0700_0800,1,1
1355,1,14,5577,5037,0700_0800,1,1
1356,1,13,5577,5034,0700_0800,1,1
1357,1,11,5577,5119,0700_0800,1,1
1358,1,11,5577,5119,0700_0800,1,1
1359,1,34,5577,1319,0700_0800,1,1
1360,3,24,11159,1325,0700_0800,1,1
1361,3,9,11159,5356,0700_0800,1,1
1362,6,41,5238,5578,0700_0800,1,1
1363,36,38,1299,1397,0700_0800,1,1
1364,33,9,1351,5356,0700_0800,1,1
1365,32,18,1285,1286,0700_0800,1,1
1366,14,22,5037,3689,0700_0800,1,1
1367,41,24,5578,1325,0700_0800,1,1
1368,31,19,1318,1352,0700_0800,1,1
1369,6,14,5238,5037,0700_0800,1,1
1370,13,24,5034,1325,0700_0800,1,1
1371,3,20,11159,1356,0700_0800,1,1
1372,5,28,11282,1359,0700_0800,1,1
1373,3,11,11159,5119,0700_0800,1,1
1374,37,34,1353,1322,0700_0800,1,1
1375,12,21,11151,6253,0700_0800,1,1
1376,7,3,11281,11159,0700_0800,1,1
1377,5,15,11282,4899,0700_0800,1,1
1378,34,36,1319,1299,0700_0800,1,1
1379,25,14,1354,5037,0700_0800,1,1
1380,6,33,5238,1351,0700_0800,1,1
1381,18,34,1286,1319,0700_0800,1,1
1382,3,35,11159,1290,0700_0800,1,1
1383,18,41,1286,5578,0700_0800,1,1
1384,36,9,1299,5356,0700_0800,1,1
1385,2,7,11123,11281,0700_0800,1,1
1386,13,11,5034,5119,0700_0800,1,1
1387,3,34,11159,1322,0700_0800,1,1
1388,26,17,1323,1289,0700_0800,1,1
1389,17,13,1289,5034,0700_0800,1,1
1390,3,5,11159,11282,0700_0800,1,1
1391,25,21,1355,6253,0700_0800,1,1
1392,27,14,1346,5037,0700_0800,1,1
1393,36,41,1299,5578,0700_0800,1,1
1394,3,11,11159,5119,0700_0800,1,1
1395,5,14,11282,5037,0700_0800,1,1
1396,2,22,11123,3689,0700_0800,1,1
1397,28,13,1359,5034,0700_0800,1,1
1398,20,41,1356,5578,0700_0800,1,1
1399,17,21,1289,6253,0700_0800,1,1
1400,4,21,11180,6253,0700_0800,1,1
1401,11,19,5119,1352,0700_0800,1,1
1402,37,5,1349,11282,0700_0800,1,1
1403,6,13,5238,5034,0700_0800,1,1
1404,37,3,1353,11159,0700_0800,1,1
1405,7,30,11281,1360,0700_0800,1,1
1406,21,23,6253,1361,0700_0800,1,1
1407,1,41,5577,5578,0700_0800,1,1
1408,26,16,1323,11827,0700_0800,1,1
1409,17,35,1289,1290,0700_0800,1,1
1410,13,21,5034,6253,0700_0800,1,1
1411,6,34,5238,1322,0700_0800,1,1
1412,25,41,1354,5578,0700_0800,1,1
1413,41,24,5578,1325,0700_0800,1,1
1414,13,9,5034,5356,0700_0800,1,1
1415,3,11,11159,5119,0700_0800,1,1
1416,26,13,1323,5034,0700_0800,1,1
1417,5,22,11282,3689,0700_0800,1,1
1418,18,11,1286,5119,0700_0800,1,1
1419,41,11,5578,5119,0700_0800,1,1
1420,27,11,1346,5119,0700_0800,1,1
1421,28,36,1359,1299,0700_0800,1,1
1422,25,35,1354,1290,0700_0800,1,1
1423,33,11,1351,5119,0700_0800,1,1
1424,32,34,1285,1319,0700_0800,1,1
1425,12,20,11151,1357,0700_0800,1,1
1426,9,13,5356,5034,0700_0800,1,1
1427,1,24,5577,1325,0700_0800,1,1
1428,3,41,11159,5578,0700_0800,1,1
1429,17,41,1289,5578,0700_0800,1,1
1430,2,41,11123,5578,0700_0800,1,1
1431,12,16,11151,11827,0700_0800,1,1
1432,31,14,1314,5037,0700_0800,1,1
1433,31,18,1314,1286,0700_0800,1,1
1434,32,34,1285,1319,0700_0800,1,1
1435,31,11,1318,5119,0700_0800,1,1
1436,7,13,11281,5034,0700_0800,1,1
1437,5,13,11282,5034,0700_0800,1,1
1438,6,31,5238,1318,0700_0800,1,1
1439,7,21,11281,6253,0700_0800,1,1
1440,17,13,1289,5034,0700_0800,1,1
1441,14,32,5037,1285,0700_0800,1,1
1442,9,22,5356,3689,0700_0800,1,1
1443,6,38,5238,1397,0700_0800,1,1
1444,31,18,1314,1286,0700_0800,1,1
1445,17,1,1289,5577,0700_0800,1,1
1446,28,13,1359,5034,0700_0800,1,1
1447,3,16,11159,11827,0700_0800,1,1
1448,20,11,1357,5119,0700_0800,1,1
1449,25,34,1354,1322,0700_0800,1,1
1450,17,11,1289,5119,0700_0800,1,1
1451,3,41,11159,5578,0700_0800,1,1
1452,2,24,11123,1325,0700_0800,1,1
1453,17,24,1289,1325,0700_0800,1,1
1454,3,24,11159,1325,0700_0800,1,1
1455,34,41,1319,5578,0700_0800,1,1
1456,7,33,11281,1351,0700_0800,1,1
1457,33,19,1351,1352,0700_0800,1,1
1458,18,16,1286,11827,0700_0800,1,1
1459,37,19,1349,1352,0700_0800,1,1
1460,41,14,5578,5037,0700_0800,1,1
1461,12,21,11151,6253,0700_0800,1,1
1462,3,14,11159,5037,0700_0800,1,1
1463,6,16,5238,11827,0700_0800,1,1
1464,7,28,11281,1359,0700_0800,1,1
1465,1,32,5577,1285,0700_0800,1,1
1466,25,16,1354,11827,0700_0800,1,1
1467,11,24,5119,1325,0700_0800,1,1
1468,1,3,5577,11159,0700_0800,1,1
1469,34,6,1322,5238,0700_0800,1,1
1470,32,23,1285,1361,0700_0800,1,1
1471,17,11,1289,5119,0700_0800,1,1
1472,32,24,1285,1325,0700_0800,1,1
1473,5,9,11282,5356,0700_0800,1,1
1474,17,13,1289,5034,0700_0800,1,1
1475,12,37,11151,1353,0700_0800,1,1
1476,17,28,1289,1359,0700_0800,1,1
1477,32,11,1285,5119,0700_0800,1,1
1478,32,41,1285,5578,0700_0800,1,1
1479,2,14,11123,5037,0700_0800,1,1
1480,11,41,5119,5578,0700_0800,1,1
1481,2,11,11123,5119,0700_0800,1,1
1482,27,41,1346,5578,0700_0800,1,1
1483,17,14,1289,5037,0700_0800,1,1
1484,7,11,11281,5119,0700_0800,1,1
1485,1,21,5577,6253,0700_0800,1,1
1486,7,41,11281,5578,0700_0800,1,1
1487,5,14,11282,5037,0700_0800,1,1
1488,14,24,5037,1325,0700_0800,1,1
1489,24,41,1325,5578,0700_0800,1,1
1490,3,21,11159,6253,0700_0800,1,1
1491,7,34,11281,1322,0700_0800,1,1
1492,14,34,5037,1319,0700_0800,1,1
1493,5,32,11282,1285,0700_0800,1,1
1494,25,26,1354,1323,0700_0800,1,1
1495,12,24,11151,1325,0700_0800,1,1
1496,17,26,1289,1323,0700_0800,1,1
1497,27,31,1346,1318,0700_0800,1,1
1498,32,9,1285,5356,0700_0800,1,1
1499,21,9,6253,5356,0700_0800,1,1
1500,5,9,11282,5356,0700_0800,1,1
1501,3,34,11159,1322,0700_0800,1,1
1502,34,14,1319,5037,0700_0800,1,1
1503,25,11,1354,5119,0700_0800,1,1
1504,31,15,1314,4899,0700_0800,1,1
1505,3,18,11159,1286,0700_0800,1,1
1506,33,3,1351,11159,0700_0800,1,1
1507,34,13,1319,5034,0700_0800,1,1
1508,9,18,5356,1286,0700_0800,1,1
1509,14,11,5037,5119,0700_0800,1,1
1510,6,28,5238,1359,0700_0800,1,1
1511,34,18,1319,1286,0700_0800,1,1
1512,35,1,1290,5577,0700_0800,1,1
1513,25,2,1354,11123,0700_0800,1,1
1514,9,24,5356,1325,0700_0800,1,1
1515,12,41,11151,5578,0700_0800,1,1
1516,9,16,5356,11827,0700_0800,1,1
1517,41,36,5578,1299,0700_0800,1,1
1518,11,27,5119,1346,0700_0800,1,1
1519,1,20,5577,1356,0700_0800,1,1
1520,19,34,1352,1322,0700_0800,1,1
1521,15,21,4899,6253,0700_0800,1,1
1522,27,24,1346,1325,0700_0800,1,1
1523,3,9,11159,5356,0700_0800,1,1
1524,6,41,5238,5578,0700_0800,1,1
1525,16,32,11827,1285,0700_0800,1,1
1526,36,32,1299,1285,0700_0800,1,1
1527,1,21,5577,6253,0700_0800,1,1
1528,41,17,5578,1289,0700_0800,1,1
1529,1,6,5577,5238,0700_0800,1,1
1530,1,41,5577,5578,0700_0800,1,1
1531,14,31,5037,1314,0700_0800,1,1
1532,8,34,10847,1322,0700_0800,1,1
1533,5,37,11282,1349,0700_0800,1,1
1534,12,18,11151,1286,0700_0800,1,1
1535,41,34,5578,1319,0700_0800,1,1
1536,41,11,5578,5119,0700_0800,1,1
1537,34,23,1322,1361,0700_0800,1,1
1538,26,11,1323,5119,0700_0800,1,1
1539,17,20,1289,1356,0700_0800,1,1
1540,18,13,1286,5034,0700_0800,1,1
1541,34,10,1322,5929,0700_0800,1,1
1542,3,14,11159,5037,0700_0800,1,1
1543,3,11,11159,5119,0700_0800,1,1
1544,1,14,5577,5037,0700_0800,1,1
1545,21,37,6253,1349,0700_0800,1,1
1546,9,25,5356,1355,0700_0800,1,1
1547,11,22,5119,3689,0700_0800,1,1
1548,27,16,1346,11827,0700_0800,1,1
1549,12,11,11151,5119,0700_0800,1,1
1550,2,3,11123,11159,0700_0800,1,1
1551,3,34,11159,1322,0700_0800,1,1
1552,9,41,5356,5578,0700_0800,1,1
1553,34,16,1319,11827,0700_0800,1,1
1554,27,24,1346,1325,0700_0800,1,1
1555,26,24,1323,1325,0700_0800,1,1
1556,34,11,1322,5119,0700_0800,1,1
1557,19,21,1352,6253,0700_0800,1,1
1558,19,24,1352,1325,0700_0800,1,1
1559,3,14,11159,5037,0700_0800,1,1
1560,18,2,1286,11123,0700_0800,1,1
1561,5,34,11282,1322,0700_0800,1,1
1562,12,11,11151,5119,0700_0800,1,1
1563,37,41,1353,5578,0700_0800,1,1
1564,11,9,5119,5356,0700_0800,1,1
1565,7,13,11281,5034,0700_0800,1,1
1566,34,14,1319,5037,0700_0800,1,1
1567,34,14,1319,5037,0700_0800,1,1
1568,17,37,1289,1353,0700_0800,1,1
1569,6,24,5238,1325,0700_0800,1,1
1570,6,17,5238,1289,0700_0800,1,1
1571,3,20,11159,1356,0700_0800,1,1
1572,21,31,6253,1318,0700_0800,1,1
1573,17,16,1289,11827,0700_0800,1,1
1574,17,12,1289,11151,0700_0800,1,1
1575,3,34,11159,1322,0700_0800,1,1
1576,1,11,5577,5119,0700_0800,1,1
1577,6,11,5238,5119,0700_0800,1,1
1578,37,11,1353,5119,0700_0800,1,1
1579,3,24,11159,1325,0700_0800,1,1
1580,1,34,5577,1319,0700_0800,1,1
1581,5,41,11282,5578,0700_0800,1,1
1582,1,11,5577,5119,0700_0800,1,1
1583,31,41,1314,5578,0700_0800,1,1
1584,1,13,5577,5034,0700_0800,1,1
1585,6,9,5238,5356,0700_0800,1,1
1586,17,9,1289,5356,0700_0800,1,1
1587,3,14,11159,5037,0700_0800,1,1
1588,3,22,11159,3689,0700_0800,1,1
1589,34,13,1319,5034,0700_0800,1,1
1590,7,38,11281,1397,0700_0800,1,1
1591,13,31,5034,1314,0700_0800,1,1
1592,19,13,1352,5034,0700_0800,1,1
1593,1,21,5577,6253,0700_0800,1,1
1594,1,18,5577,1286,0700_0800,1,1
1595,7,15,11281,4899,0700_0800,1,1
1596,21,19,6253,1352,0700_0800,1,1
1597,31,13,1314,5034,0700_0800,1,1
1598,7,16,11281,11827,0700_0800,1,1
1599,35,38,1290,1397,0700_0800,1,1
1600,3,41,11159,5578,0700_0800,1,1
1601,17,41,1289,5578,0700_0800,1,1
1602,2,41,11123,5578,0700_0800,1,1
1603,1,24,5577,1325,0700_0800,1,1
1604,1,5,5577,11282,0700_0800,1,1
1605,31,11,1318,5119,0700_0800,1,1
1606,13,27,5034,1346,0700_0800,1,1
1607,25,9,1355,5356,0700_0800,1,1
1608,18,16,1286,11827,0700_0800,1,1
1609,41,14,5578,5037,0700_0800,1,1
1610,3,1,11159,5577,0700_0800,1,1
1611,27,11,1346,5119,0700_0800,1,1
1612,1,31,5577,1314,0700_0800,1,1
1613,31,9,1318,5356,0700_0800,1,1
1614,38,11,1397,5119,0700_0800,1,1
1615,41,22,5578,3689,0700_0800,1,1
1616,19,34,1352,1322,0700_0800,1,1
1617,32,7,1285,11281,0700_0800,1,1
1618,41,12,5578,11151,0700_0800,1,1
1619,25,2,1354,11123,0700_0800,1,1
1620,14,34,5037,1319,0700_0800,1,1
1621,41,21,5578,6253,0700_0800,1,1
1622,26,22,1323,3689,0700_0800,1,1
1623,12,17,11151,1289,0700_0800,1,1
1624,33,21,1351,6253,0700_0800,1,1
1625,3,34,11159,1322,0700_0800,1,1
1626,31,4,1318,11180,0700_0800,1,1
1627,6,11,5238,5119,0700_0800,1,1
1628,25,1,1354,5577,0700_0800,1,1
1629,6,31,5238,1318,0700_0800,1,1
1630,7,13,11281,5034,0700_0800,1,1
1631,11,7,5119,11281,0700_0800,1,1
1632,31,22,1318,3689,0700_0800,1,1
1633,3,21,11159,6253,0700_0800,1,1
1634,34,13,1319,5034,0700_0800,1,1
1635,37,32,1353,1285,0700_0800,1,1
1636,9,34,5356,1322,0700_0800,1,1
1637,9,31,5356,1318,0700_0800,1,1
1638,19,6,1352,5238,0700_0800,1,1
1639,5,9,11282,5356,0700_0800,1,1
1640,1,27,5577,1346,0700_0800,1,1
1641,3,34,11159,1322,0700_0800,1,1
1642,1,9,5577,5356,0700_0800,1,1
1643,4,14,11180,5037,0700_0800,1,1
1644,31,21,1318,6253,0700_0800,1,1
1645,13,24,5034,1325,0700_0800,1,1
1646,32,24,1285,1325,0700_0800,1,1
1647,25,9,1355,5356,0700_0800,1,1
1648,18,9,1286,5356,0700_0800,1,1
1649,6,16,5238,11827,0700_0800,1,1
1650,26,20,1323,1356,0700_0800,1,1
1651,17,34,1289,1319,0700_0800,1,1
1652,2,18,11123,1286,0700_0800,1,1
1653,25,41,1354,5578,0700_0800,1,1
1654,1,27,5577,1346,0700_0800,1,1
1655,25,11,1354,5119,0700_0800,1,1
1656,1,41,5577,5578,0700_0800,1,1
1657,11,31,5119,1318,0700_0800,1,1
1658,34,31,1322,1318,0700_0800,1,1
1659,35,34,1290,1319,0700_0800,1,1
1660,3,17,11159,1289,0700_0800,1,1
1661,3,34,11159,1322,0700_0800,1,1
1662,3,13,11159,5034,0700_0800,1,1
1663,28,14,1359,5037,0700_0800,1,1
1664,13,6,5034,5238,0700_0800,1,1
1665,32,9,1285,5356,0700_0800,1,1
1666,11,34,5119,1322,0700_0800,1,1
1667,34,41,1319,5578,0700_0800,1,1
1668,17,24,1289,1325,0700_0800,1,1
1669,3,41,11159,5578,0700_0800,1,1
1670,3,24,11159,1325,0700_0800,1,1
1671,2,24,11123,1325,0700_0800,1,1
1672,17,11,1289,5119,0700_0800,1,1
1673,28,32,1359,1285,0700_0800,1,1
1674,13,11,5034,5119,0700_0800,1,1
1675,7,1,11281,5577,0700_0800,1,1
1676,28,16,1359,11827,0700_0800,1,1
1677,20,41,1356,5578,0700_0800,1,1
1678,32,31,1285,1314,0700_0800,1,1
1679,20,11,1357,5119,0700_0800,1,1
1680,41,6,5578,5238,0700_0800,1,1
1681,3,11,11159,5119,0700_0800,1,1
1682,27,17,1346,1289,0700_0800,1,1
1683,27,19,1348,1352,0700_0800,1,1
1684,27,6,1348,5238,0700_0800,1,1
1685,18,3,1286,11159,0700_0800,1,1
1686,25,9,1355,5356,0700_0800,1,1
1687,3,38,11159,1397,0700_0800,1,1
1688,1,16,5577,11827,0700_0800,1,1
1689,9,11,5356,5119,0700_0800,1,1
1690,3,34,11159,1322,0700_0800,1,1
1691,33,35,1351,1290,0700_0800,1,1
1692,13,17,5034,1289,0700_0800,1,1
1693,17,10,1289,5929,0700_0800,1,1
1694,41,30,5578,1360,0700_0800,1,1
1695,31,2,1314,11123,0700_0800,1,1
1696,1,2,5577,11123,0700_0800,1,1
1697,18,27,1286,1346,0700_0800,1,1
1698,20,24,1357,1325,0700_0800,1,1
1699,25,11,1354,5119,0700_0800,1,1
1700,20,24,1357,1325,0700_0800,1,1
1701,3,9,11159,5356,0700_0800,1,1
1702,6,41,5238,5578,0700_0800,1,1
1703,14,41,5037,5578,0700_0800,1,1
1704,5,21,11282,6253,0700_0800,1,1
1705,9,41,5356,5578,0700_0800,1,1
1706,10,21,5929,6253,0700_0800,1,1
1707,37,9,1349,5356,0700_0800,1,1
1708,34,35,1319,1290,0700_0800,1,1
1709,37,17,1353,1289,0700_0800,1,1
1710,32,16,1285,11827,0700_0800,1,1
1711,13,24,5034,1325,0700_0800,1,1
1712,25,34,1354,1322,0700_0800,1,1
1713,31,4,1318,11180,0700_0800,1,1
1714,27,13,1346,5034,0700_0800,1,1
1715,28,11,1359,5119,0700_0800,1,1
1716,14,24,5037,1325,0700_0800,1,1
1717,6,32,5238,1285,0700_0800,1,1
1718,24,11,1325,5119,0700_0800,1,1
1719,17,16,1289,11827,0700_0800,1,1
1720,11,15,5119,4899,0700_0800,1,1
1721,32,17,1285,1289,0700_0800,1,1
1722,35,24,1290,1325,0700_0800,1,1
1723,37,14,1353,5037,0700_0800,1,1
1724,1,17,5577,1289,0700_0800,1,1
1725,5,14,11282,5037,0700_0800,1,1
1726,7,14,11281,5037,0700_0800,1,1
1727,17,32,1289,1285,0700_0800,1,1
1728,17,3,1289,11159,0700_0800,1,1
1729,17,14,1289,5037,0700_0800,1,1
1730,7,11,11281,5119,0700_0800,1,1
1731,11,41,5119,5578,0700_0800,1,1
1732,2,11,11123,5119,0700_0800,1,1
1733,32,41,1285,5578,0700_0800,1,1
1734,7,41,11281,5578,0700_0800,1,1
1735,27,41,1346,5578,0700_0800,1,1
1736,2,14,11123,5037,0700_0800,1,1
1737,1,21,5577,6253,0700_0800,1,1
1738,32,11,1285,5119,0700_0800,1,1
1739,1,25,5577,1354,0700_0800,1,1
1740,18,28,1286,1359,0700_0800,1,1
1741,25,13,1354,5034,0700_0800,1,1
1742,1,3,5577,11159,0700_0800,1,1
1743,1,7,5577,11281,0700_0800,1,1
1744,25,24,1354,1325,0700_0800,1,1
1745,2,39,11123,1404,0700_0800,1,1
1746,18,13,1286,5034,0700_0800,1,1
1747,3,37,11159,1353,0700_0800,1,1
1748,35,9,1290,5356,0700_0800,1,1
1749,3,16,11159,11827,0700_0800,1,1
1750,1,19,5577,1352,0700_0800,1,1
1751,1,14,5577,5037,0700_0800,1,1
1752,34,18,1319,1286,0700_0800,1,1
1753,31,13,1314,5034,0700_0800,1,1
1754,3,34,11159,1322,0700_0800,1,1
1755,16,9,11827,5356,0700_0800,1,1
1756,34,37,1322,1353,0700_0800,1,1
1757,5,11,11282,5119,0700_0800,1,1
1758,31,33,1318,1351,0700_0800,1,1
1759,6,24,5238,1325,0700_0800,1,1
1760,41,28,5578,1359,0700_0800,1,1
1761,35,24,1290,1325,0700_0800,1,1
1762,2,41,11123,5578,0700_0800,1,1
1763,3,41,11159,5578,0700_0800,1,1
1764,17,41,1289,5578,0700_0800,1,1
1765,1,24,5577,1325,0700_0800,1,1
1766,37,3,1353,11159,0700_0800,1,1
1767,11,21,5119,6253,0700_0800,1,1
1768,32,14,1285,5037,0700_0800,1,1
1769,16,23,11827,1361,0700_0800,1,1
1770,31,24,1318,1325,0700_0800,1,1
1771,20,15,1356,4899,0700_0800,1,1
1772,3,21,11159,6253,0700_0800,1,1
1773,11,24,5119,1325,0700_0800,1,1
1774,34,14,1319,5037,0700_0800,1,1
1775,1,41,5577,5578,0700_0800,1,1
1776,20,19,1356,1352,0700_0800,1,1
1777,12,34,11151,1319,0700_0800,1,1
1778,2,28,11123,1359,0700_0800,1,1
1779,12,2,11151,11123,0700_0800,1,1
1780,32,39,1285,1404,0700_0800,1,1
1781,39,14,1404,5037,0700_0800,1,1
1782,2,17,11123,1289,0700_0800,1,1
1783,31,16,1314,11827,0700_0800,1,1
1784,27,22,1348,3689,0700_0800,1,1
1785,26,41,1323,5578,0700_0800,1,1
1786,9,7,5356,11281,0700_0800,1,1
1787,5,13,11282,5034,0700_0800,1,1
1788,21,9,6253,5356,0700_0800,1,1
1789,3,11,11159,5119,0700_0800,1,1
1790,15,28,4899,1359,0700_0800,1,1
1791,25,37,1355,1349,0700_0800,1,1
1792,31,10,1318,5929,0700_0800,1,1
1793,12,13,11151,5034,0700_0800,1,1
1794,16,31,11827,1314,0700_0800,1,1
1795,12,24,11151,1325,0700_0800,1,1
1796,19,31,1352,1318,0700_0800,1,1
1797,6,38,5238,1397,0700_0800,1,1
1798,13,41,5034,5578,0700_0800,1,1
1799,13,24,5034,1325,0700_0800,1,1
1800,6,18,5238,1286,0700_0800,1,1
1801,34,21,1322,6253,0700_0800,1,1
1802,17,9,1289,5356,0700_0800,1,1
1803,6,9,5238,5356,0700_0800,1,1
1804,3,14,11159,5037,0700_0800,1,1
1805,31,41,1314,5578,0700_0800,1,1
1806,5,41,11282,5578,0700_0800,1,1
1807,1,11,5577,5119,0700_0800,1,1
1808,37,11,1353,5119,0700_0800,1,1
1809,1,11,5577,5119,0700_0800,1,1
1810,1,13,5577,5034,0700_0800,1,1
1811,1,34,5577,1319,0700_0800,1,1
1812,3,24,11159,1325,0700_0800,1,1
1813,3,11,11159,5119,0700_0800,1,1
1814,6,11,5238,5119,0700_0800,1,1
1815,26,41,1323,5578,0700_0800,1,1
1816,4,20,11180,1356,0700_0800,1,1
1817,19,11,1352,5119,0700_0800,1,1
1818,1,31,5577,1314,0700_0800,1,1
1819,20,11,1357,5119,0700_0800,1,1
1820,6,34,5238,1322,0700_0800,1,1
1821,7,2,11281,11123,0700_0800,1,1
1822,17,18,1289,1286,0700_0800,1,1
1823,3,20,11159,1356,0700_0800,1,1
1824,19,32,1352,1285,0700_0800,1,1
1825,14,41,5037,5578,0700_0800,1,1
1826,35,36,1290,1299,0700_0800,1,1
1827,32,34,1285,1319,0700_0800,1,1
1828,2,28,11123,1359,0700_0800,1,1
1829,31,21,1318,6253,0700_0800,1,1
1830,16,21,11827,6253,0700_0800,1,1
1831,31,6,1318,5238,0700_0800,1,1
1832,3,17,11159,1289,0700_0800,1,1
1833,34,9,1322,5356,0700_0800,1,1
1834,35,21,1290,6253,0700_0800,1,1
1835,1,26,5577,1323,0700_0800,1,1
1836,7,17,11281,1289,0700_0800,1,1
1837,32,34,1285,1319,0700_0800,1,1
1838,3,6,11159,5238,0700_0800,1,1
1839,26,9,1323,5356,0700_0800,1,1
1840,37,24,1353,1325,0700_0800,1,1
1841,41,37,5578,1353,0700_0800,1,1
1842,37,13,1353,5034,0700_0800,1,1
1843,19,20,1352,1356,0700_0800,1,1
1844,17,13,1289,5034,0700_0800,1,1
1845,27,24,1346,1325,0700_0800,1,1
1846,6,16,5238,11827,0700_0800,1,1
1847,18,17,1286,1289,0700_0800,1,1
1848,31,30,1318,1360,0700_0800,1,1
1849,1,21,5577,6253,0700_0800,1,1
1850,34,9,1322,5356,0700_0800,1,1
1851,32,28,1285,1359,0700_0800,1,1
1852,26,11,1323,5119,0700_0800,1,1
1853,11,31,5119,1318,0700_0800,1,1
1854,5,35,11282,1290,0700_0800,1,1
1855,21,14,6253,5037,0700_0800,1,1
1856,21,15,6253,4899,0700_0800,1,1
1857,6,21,5238,6253,0700_0800,1,1
1858,1,37,5577,1353,0700_0800,1,1
1859,13,20,5034,1356,0700_0800,1,1
1860,27,9,1348,5356,0700_0800,1,1
1861,34,38,1322,1397,0700_0800,1,1
1862,34,24,1322,1325,0700_0800,1,1
1863,3,9,11159,5356,0700_0800,1,1
1864,6,41,5238,5578,0700_0800,1,1
1865,17,39,1289,1404,0700_0800,1,1
1866,17,23,1289,1361,0700_0800,1,1
1867,6,14,5238,5037,0700_0800,1,1
1868,6,15,5238,4899,0700_0800,1,1
1869,28,41,1359,5578,0700_0800,1,1
1870,7,30,11281,1360,0700_0800,1,1
1871,26,37,1323,1353,0700_0800,1,1
1872,27,11,1346,5119,0700_0800,1,1
1873,1,32,5577,1285,0700_0800,1,1
1874,13,9,5034,5356,0700_0800,1,1
1875,21,36,6253,1299,0700_0800,1,1
1876,2,24,11123,1325,0700_0800,1,1
1877,3,24,11159,1325,0700_0800,1,1
1878,34,41,1319,5578,0700_0800,1,1
1879,3,41,11159,5578,0700_0800,1,1
1880,17,24,1289,1325,0700_0800,1,1
1881,17,11,1289,5119,0700_0800,1,1
1882,1,12,5577,11151,0700_0800,1,1
1883,35,7,1290,11281,0700_0800,1,1
1884,14,9,5037,5356,0700_0800,1,1
1885,28,21,1359,6253,0700_0800,1,1
1886,38,19,1397,1352,0700_0800,1,1
1887,3,20,11159,1356,0700_0800,1,1
1888,32,39,1285,1404,0700_0800,1,1
1889,1,41,5577,5578,0700_0800,1,1
1890,19,1,1352,5577,0700_0800,1,1
1891,37,19,1349,1352,0700_0800,1,1
1892,28,21,1359,6253,0700_0800,1,1
1893,5,16,11282,11827,0700_0800,1,1
1894,9,3,5356,11159,0700_0800,1,1
1895,27,24,1346,1325,0700_0800,1,1
1896,36,22,1299,3689,0700_0800,1,1
1897,34,30,1322,1360,0700_0800,1,1
1898,19,11,1352,5119,0700_0800,1,1
1899,19,26,1352,1323,0700_0800,1,1
1900,35,14,1290,5037,0700_0800,1,1
1901,3,21,11159,6253,0700_0800,1,1
1902,2,32,11123,1285,0700_0800,1,1
1903,27,8,1348,10847,0700_0800,1,1
1904,19,21,1352,6253,0700_0800,1,1
1905,41,34,5578,1319,0700_0800,1,1
1906,25,21,1355,6253,0700_0800,1,1
1907,33,24,1351,1325,0700_0800,1,1
1908,1,3,5577,11159,0700_0800,1,1
1909,3,36,11159,1299,0700_0800,1,1
1910,17,16,1289,11827,0700_0800,1,1
1911,41,25,5578,1354,0700_0800,1,1
1912,4,11,11180,5119,0700_0800,1,1
1913,28,11,1359,5119,0700_0800,1,1
1914,3,27,11159,1346,0700_0800,1,1
1915,10,11,5929,5119,0700_0800,1,1
1916,15,22,4899,3689,0700_0800,1,1
1917,18,32,1286,1285,0700_0800,1,1
1918,2,15,11123,4899,0700_0800,1,1
1919,1,24,5577,1325,0700_0800,1,1
1920,17,41,1289,5578,0700_0800,1,1
1921,3,41,11159,5578,0700_0800,1,1
1922,2,41,11123,5578,0700_0800,1,1
1923,3,19,11159,1352,0700_0800,1,1
1924,14,9,5037,5356,0700_0800,1,1
1925,27,11,1346,5119,0700_0800,1,1
1926,5,14,11282,5037,0700_0800,1,1
1927,41,21,5578,6253,0700_0800,1,1
1928,31,34,1318,1322,0700_0800,1,1
1929,2,27,11123,1346,0700_0800,1,1
1930,6,5,5238,11282,0700_0800,1,1
1931,2,9,11123,5356,0700_0800,1,1
1932,8,20,10847,1357,0700_0800,1,1
1933,11,18,5119,1286,0700_0800,1,1
1934,3,30,11159,1360,0700_0800,1,1
1935,2,34,11123,1319,0700_0800,1,1
1936,37,9,1349,5356,0700_0800,1,1
1937,20,28,1357,1359,0700_0800,1,1
1938,19,14,1352,5037,0700_0800,1,1
1939,3,11,11159,5119,0700_0800,1,1
1940,1,14,5577,5037,0700_0800,1,1
1941,18,41,1286,5578,0700_0800,1,1
1942,6,2,5238,11123,0700_0800,1,1
1943,20,3,1356,11159,0700_0800,1,1
1944,3,34,11159,1322,0700_0800,1,1
1945,7,6,11281,5238,0700_0800,1,1
1946,12,14,11151,5037,0700_0800,1,1
1947,34,27,1322,1346,0700_0800,1,1
1948,31,28,1318,1359,0700_0800,1,1
1949,3,15,11159,4899,0700_0800,1,1
1950,3,26,11159,1323,0700_0800,1,1
1951,2,15,11123,4899,0700_0800,1,1
1952,1,17,5577,1289,0700_0800,1,1
1953,37,13,1353,5034,0700_0800,1,1
1954,37,9,1349,5356,0700_0800,1,1
1955,28,34,1359,1322,0700_0800,1,1
1956,9,13,5356,5034,0700_0800,1,1
1957,2,22,11123,3689,0700_0800,1,1
1958,8,37,10847,1349,0700_0800,1,1
1959,3,17,11159,1289,0700_0800,1,1
1960,31,13,1314,5034,0700_0800,1,1
1961,27,24,1346,1325,0700_0800,1,1
1962,1,9,5577,5356,0700_0800,1,1
1963,26,13,1323,5034,0700_0800,1,1
1964,3,27,11159,1346,0700_0800,1,1
1965,25,6,1355,5238,0700_0800,1,1
1966,3,19,11159,1352,0700_0800,1,1
1967,17,11,1289,5119,0700_0800,1,1
1968,37,15,1353,4899,0700_0800,1,1
1969,12,9,11151,5356,0700_0800,1,1
1970,37,16,1353,11827,0700_0800,1,1
1971,17,13,1289,5034,0700_0800,1,1
1972,16,11,11827,5119,0700_0800,1,1
1973,9,10,5356,5929,0700_0800,1,1
1974,2,19,11123,1352,0700_0800,1,1
1975,27,41,1346,5578,0700_0800,1,1
1976,7,11,11281,5119,0700_0800,1,1
1977,17,14,1289,5037,0700_0800,1,1
1978,1,21,5577,6253,0700_0800,1,1
1979,2,11,11123,5119,0700_0800,1,1
1980,32,41,1285,5578,0700_0800,1,1
1981,32,11,1285,5119,0700_0800,1,1
1982,7,41,11281,5578,0700_0800,1,1
1983,2,14,11123,5037,0700_0800,1,1
1984,11,41,5119,5578,0700_0800,1,1
1985,11,24,5119,1325,0700_0800,1,1
1986,2,15,11123,4899,0700_0800,1,1
1987,2,16,11123,11827,0700_0800,1,1
1988,18,11,1286,5119,0700_0800,1,1
1989,33,41,1351,5578,0700_0800,1,1
1990,17,38,1289,1397,0700_0800,1,1
1991,31,24,1318,1325,0700_0800,1,1
1992,41,18,5578,1286,0700_0800,1,1
1993,37,38,1349,1397,0700_0800,1,1
1994,3,11,11159,5119,0700_0800,1,1
1995,1,23,5577,1361,0700_0800,1,1
1996,1,35,5577,1290,0700_0800,1,1
1997,7,9,11281,5356,0700_0800,1,1
1998,26,28,1323,1359,0700_0800,1,1
1999,1,28,5577,1359,0700_0800,1,1
2000,1,41,5577,5578,0700_0800,1,1
2001,7,19,11281,1352,0700_0800,1,1
2002,37,31,1353,1318,0700_0800,1,1
2003,15,9,4899,5356,0700_0800,1,1
2004,37,40,1353,1296,0700_0800,1,1
2005,27,22,1348,3689,0700_0800,1,1
2006,27,13,1346,5034,0700_0800,1,1
2007,34,31,1322,1318,0700_0800,1,1
2008,26,17,1323,1289,0700_0800,1,1
2009,17,19,1289,1352,0700_0800,1,1
2010,17,13,1289,5034,0700_0800,1,1
2011,5,3,11282,11159,0700_0800,1,1
2012,37,13,1353,5034,0700_0800,1,1
2013,41,22,5578,3689,0700_0800,1,1
2014,5,3,11282,11159,0700_0800,1,1
2015,5,31,11282,1318,0700_0800,1,1
2016,27,28,1348,1359,0700_0800,1,1
2017,9,10,5356,5929,0700_0800,1,1
2018,3,9,11159,5356,0700_0800,1,1
2019,3,14,11159,5037,0700_0800,1,1
2020,6,11,5238,5119,0700_0800,1,1
2021,3,24,11159,1325,0700_0800,1,1
2022,3,21,11159,6253,0700_0800,1,1
2023,31,41,1314,5578,0700_0800,1,1
2024,1,34,5577,1319,0700_0800,1,1
2025,1,11,5577,5119,0700_0800,1,1
2026,1,11,5577,5119,0700_0800,1,1
2027,1,13,5577,5034,0700_0800,1,1
2028,6,41,5238,5578,0700_0800,1,1
2029,6,9,5238,5356,0700_0800,1,1
2030,37,11,1353,5119,0700_0800,1,1
2031,5,41,11282,5578,0700_0800,1,1
2032,17,9,1289,5356,0700_0800,1,1
2033,9,22,5356,3689,0700_0800,1,1
2034,25,2,1354,11123,0700_0800,1,1
2035,9,20,5356,1357,0700_0800,1,1
2036,12,11,11151,5119,0700_0800,1,1
2037,12,19,11151,1352,0700_0800,1,1
2038,2,9,11123,5356,0700_0800,1,1
2039,16,28,11827,1359,0700_0800,1,1
2040,13,34,5034,1319,0700_0800,1,1
2041,37,3,1353,11159,0700_0800,1,1
2042,28,31,1359,1318,0700_0800,1,1
2043,26,3,1323,11159,0700_0800,1,1
2044,6,21,5238,6253,0700_0800,1,1
2045,25,5,1355,11282,0700_0800,1,1
2046,12,13,11151,5034,0700_0800,1,1
2047,18,41,1286,5578,0700_0800,1,1
2048,12,3,11151,11159,0700_0800,1,1
2049,27,7,1348,11281,0700_0800,1,1
2050,3,23,11159,1361,0700_0800,1,1
2051,5,24,11282,1325,0700_0800,1,1
2052,1,37,5577,1353,0700_0800,1,1
2053,3,2,11159,11123,0700_0800,1,1
2054,7,3,11281,11159,0700_0800,1,1
2055,33,14,1351,5037,0700_0800,1,1
2056,3,11,11159,5119,0700_0800,1,1
2057,19,27,1352,1348,0700_0800,1,1
2058,34,14,1319,5037,0700_0800,1,1
2059,2,41,11123,5578,0700_0800,1,1
2060,3,41,11159,5578,0700_0800,1,1
2061,17,41,1289,5578,0700_0800,1,1
2062,1,24,5577,1325,0700_0800,1,1
2063,27,21,1348,6253,0700_0800,1,1
2064,6,26,5238,1323,0700_0800,1,1
2065,32,3,1285,11159,0700_0800,1,1
2066,37,41,1353,5578,0700_0800,1,1
2067,3,33,11159,1351,0700_0800,1,1
2068,27,11,1346,5119,0700_0800,1,1
2069,18,24,1286,1325,0700_0800,1,1
2070,3,37,11159,1353,0700_0800,1,1
2071,1,37,5577,1353,0700_0800,1,1
2072,6,39,5238,1404,0700_0800,1,1
2073,12,24,11151,1325,0700_0800,1,1
2074,19,10,1352,5929,0700_0800,1,1
2075,34,33,1322,1351,0700_0800,1,1
2076,2,25,11123,1354,0700_0800,1,1
2077,2,24,11123,1325,0700_0800,1,1
2078,17,11,1289,5119,0700_0800,1,1
2079,34,41,1319,5578,0700_0800,1,1
2080,17,24,1289,1325,0700_0800,1,1
2081,3,41,11159,5578,0700_0800,1,1
2082,3,24,11159,1325,0700_0800,1,1
2083,13,11,5034,5119,0700_0800,1,1
2084,34,16,1319,11827,0700_0800,1,1
2085,28,24,1359,1325,0700_0800,1,1
2086,28,19,1359,1352,0700_0800,1,1
2087,34,7,1322,11281,0700_0800,1,1
2088,12,24,11151,1325,0700_0800,1,1
2089,6,19,5238,1352,0700_0800,1,1
2090,15,24,4899,1325,0700_0800,1,1
2091,9,11,5356,5119,0700_0800,1,1
2092,34,37,1322,1353,0700_0800,1,1
2093,28,11,1359,5119,0700_0800,1,1
2094,2,38,11123,1397,0700_0800,1,1
2095,11,9,5119,5356,0700_0800,1,1
2096,1,9,5577,5356,0700_0800,1,1
2097,2,37,11123,1353,0700_0800,1,1
2098,16,31,11827,1314,0700_0800,1,1
2099,37,21,1349,6253,0700_0800,1,1
2100,18,34,1286,1319,0700_0800,1,1
2101,11,23,5119,1361,0700_0800,1,1
2102,14,17,5037,1289,0700_0800,1,1
2103,5,9,11282,5356,0700_0800,1,1
2104,9,11,5356,5119,0700_0800,1,1
2105,37,20,1349,1356,0700_0800,1,1
2106,25,14,1354,5037,0700_0800,1,1
2107,34,22,1322,3689,0700_0800,1,1
2108,13,14,5034,5037,0700_0800,1,1
2109,10,14,5929,5037,0700_0800,1,1
2110,5,30,11282,1360,0700_0800,1,1
2111,17,21,1289,6253,0700_0800,1,1
2112,12,38,11151,1397,0700_0800,1,1
2113,32,9,1285,5356,0700_0800,1,1
2114,37,41,1353,5578,0700_0800,1,1
2115,3,13,11159,5034,0700_0800,1,1
2116,10,37,5929,1349,0700_0800,1,1
2117,3,31,11159,1318,0700_0800,1,1
2118,31,17,1314,1289,0700_0800,1,1
2119,12,14,11151,5037,0700_0800,1,1
2120,21,36,6253,1299,0700_0800,1,1
2121,1,41,5577,5578,0700_0800,1,1
2122,13,41,5034,5578,0700_0800,1,1
2123,35,1,1290,5577,0700_0800,1,1
2124,12,41,11151,5578,0700_0800,1,1
2125,19,22,1352,3689,0700_0800,1,1
2126,3,7,11159,11281,0700_0800,1,1
2127,12,41,11151,5578,0700_0800,1,1
2128,31,25,1318,1354,0700_0800,1,1
2129,32,14,1285,5037,0700_0800,1,1
2130,4,21,11180,6253,0700_0800,1,1
2131,9,14,5356,5037,0700_0800,1,1
2132,1,14,5577,5037,0700_0800,1,1
2133,35,41,1290,5578,0700_0800,1,1
2134,31,19,1318,1352,0700_0800,1,1
2135,21,17,6253,1289,0700_0800,1,1
2136,32,31,1285,1314,0700_0800,1,1
2137,6,21,5238,6253,0700_0800,1,1
2138,19,41,1352,5578,0700_0800,1,1
2139,2,23,11123,1361,0700_0800,1,1
2140,34,32,1319,1285,0700_0800,1,1
2141,11,5,5119,11282,0700_0800,1,1
2142,17,19,1289,1352,0700_0800,1,1
2143,7,16,11281,11827,0700_0800,1,1
2144,37,24,1353,1325,0700_0800,1,1
2145,35,41,1290,5578,0700_0800,1,1
2146,37,41,1353,5578,0700_0800,1,1
2147,7,9,11281,5356,0700_0800,1,1
2148,27,9,1348,5356,0700_0800,1,1
2149,38,9,1397,5356,0700_0800,1,1
2150,31,24,1318,1325,0700_0800,1,1
2151,17,18,1289,1286,0700_0800,1,1
2152,28,3,1359,11159,0700_0800,1,1
2153,32,13,1285,5034,0700_0800,1,1
2154,28,31,1359,1318,0700_0800,1,1
2155,28,36,1359,1299,0700_0800,1,1
2156,34,11,1322,5119,0700_0800,1,1
2157,15,7,4899,11281,0700_0800,1,1
2158,3,31,11159,1318,0700_0800,1,1
2159,7,24,11281,1325,0700_0800,1,1
2160,25,15,1354,4899,0700_0800,1,1
2161,3,21,11159,6253,0700_0800,1,1
2162,34,39,1322,1404,0700_0800,1,1
2163,3,31,11159,1318,0700_0800,1,1
2164,2,20,11123,1356,0700_0800,1,1
2165,6,28,5238,1359,0700_0800,1,1
2166,3,30,11159,1360,0700_0800,1,1
2167,14,37,5037,1353,0700_0800,1,1
2168,3,27,11159,1346,0700_0800,1,1
2169,3,16,11159,11827,0700_0800,1,1
2170,13,3,5034,11159,0700_0800,1,1
2171,37,31,1353,1318,0700_0800,1,1
2172,11,16,5119,11827,0700_0800,1,1
2173,6,18,5238,1286,0700_0800,1,1
2174,34,2,1319,11123,0700_0800,1,1
2175,10,33,5929,1351,0700_0800,1,1
2176,18,14,1286,5037,0700_0800,1,1
2177,3,11,11159,5119,0700_0800,1,1
2178,3,15,11159,4899,0700_0800,1,1
2179,5,11,11282,5119,0700_0800,1,1
2180,12,19,11151,1352,0700_0800,1,1
2181,5,33,11282,1351,0700_0800,1,1
2182,15,24,4899,1325,0700_0800,1,1
2183,28,5,1359,11282,0700_0800,1,1
2184,18,21,1286,6253,0700_0800,1,1
2185,27,22,1348,3689,0700_0800,1,1
2186,17,21,1289,6253,0700_0800,1,1
2187,20,5,1356,11282,0700_0800,1,1
2188,28,40,1359,1296,0700_0800,1,1
2189,17,19,1289,1352,0700_0800,1,1
2190,3,9,11159,5356,0700_0800,1,1
2191,6,41,5238,5578,0700_0800,1,1
2192,37,26,1353,1323,0700_0800,1,1
2193,13,21,5034,6253,0700_0800,1,1
2194,32,18,1285,1286,0700_0800,1,1
2195,21,9,6253,5356,0700_0800,1,1
2196,7,31,11281,1318,0700_0800,1,1
2197,17,15,1289,4899,0700_0800,1,1
2198,11,38,5119,1397,0700_0800,1,1
2199,26,9,1323,5356,0700_0800,1,1
2200,41,9,5578,5356,0700_0800,1,1
2201,13,41,5034,5578,0700_0800,1,1
2202,16,24,11827,1325,0700_0800,1,1
2203,37,34,1353,1322,0700_0800,1,1
2204,41,13,5578,5034,0700_0800,1,1
2205,27,15,1346,4899,0700_0800,1,1
2206,37,1,1353,5577,0700_0800,1,1
2207,6,1,5238,5577,0700_0800,1,1
2208,1,22,5577,3689,0700_0800,1,1
2209,19,11,1352,5119,0700_0800,1,1
2210,2,11,11123,5119,0700_0800,1,1
2211,17,14,1289,5037,0700_0800,1,1
2212,7,41,11281,5578,0700_0800,1,1
2213,7,11,11281,5119,0700_0800,1,1
2214,1,21,5577,6253,0700_0800,1,1
2215,27,41,1346,5578,0700_0800,1,1
2216,11,41,5119,5578,0700_0800,1,1
2217,2,14,11123,5037,0700_0800,1,1
2218,32,11,1285,5119,0700_0800,1,1
2219,32,41,1285,5578,0700_0800,1,1
2220,9,27,5356,1348,0700_0800,1,1
2221,5,1,11282,5577,0700_0800,1,1
2222,9,14,5356,5037,0700_0800,1,1
2223,31,38,1318,1397,0700_0800,1,1
2224,18,24,1286,1325,0700_0800,1,1
2225,27,13,1346,5034,0700_0800,1,1
2226,37,14,1353,5037,0700_0800,1,1
2227,2,6,11123,5238,0700_0800,1,1
2228,3,41,11159,5578,0700_0800,1,1
2229,17,41,1289,5578,0700_0800,1,1
2230,2,41,11123,5578,0700_0800,1,1
2231,1,24,5577,1325,0700_0800,1,1
2232,5,11,11282,5119,0700_0800,1,1
2233,5,21,11282,6253,0700_0800,1,1
2234,3,38,11159,1397,0700_0800,1,1
2235,34,21,1322,6253,0700_0800,1,1
2236,17,7,1289,11281,0700_0800,1,1
2237,6,23,5238,1361,0700_0800,1,1
2238,1,41,5577,5578,0700_0800,1,1
2239,1,19,5577,1352,0700_0800,1,1
2240,5,18,11282,1286,0700_0800,1,1
2241,1,15,5577,4899,0700_0800,1,1
2242,13,25,5034,1354,0700_0800,1,1
2243,41,19,5578,1352,0700_0800,1,1
2244,7,14,11281,5037,0700_0800,1,1
2245,13,38,5034,1397,0700_0800,1,1
2246,3,34,11159,1322,0700_0800,1,1
2247,1,18,5577,1286,0700_0800,1,1
2248,34,4,1322,11180,0700_0800,1,1
2249,2,5,11123,11282,0700_0800,1,1
2250,17,38,1289,1397,0700_0800,1,1
2251,25,41,1354,5578,0700_0800,1,1
2252,7,9,11281,5356,0700_0800,1,1
2253,1,33,5577,1351,0700_0800,1,1
2254,17,3,1289,11159,0700_0800,1,1
2255,27,34,1346,1322,0700_0800,1,1
2256,1,11,5577,5119,0700_0800,1,1
2257,1,11,5577,5119,0700_0800,1,1
2258,1,13,5577,5034,0700_0800,1,1
2259,5,41,11282,5578,0700_0800,1,1
2260,31,41,1314,5578,0700_0800,1,1
2261,3,14,11159,5037,0700_0800,1,1
2262,6,9,5238,5356,0700_0800,1,1
2263,1,34,5577,1319,0700_0800,1,1
2264,37,11,1353,5119,0700_0800,1,1
2265,17,9,1289,5356,0700_0800,1,1
2266,6,11,5238,5119,0700_0800,1,1
2267,3,24,11159,1325,0700_0800,1,1
2268,14,9,5037,5356,0700_0800,1,1
2269,6,38,5238,1397,0700_0800,1,1
2270,13,19,5034,1352,0700_0800,1,1
2271,7,27,11281,1348,0700_0800,1,1
2272,7,24,11281,1325,0700_0800,1,1
2273,17,36,1289,1299,0700_0800,1,1
2274,3,19,11159,1352,0700_0800,1,1
2275,7,20,11281,1356,0700_0800,1,1
2276,31,11,1318,5119,0700_0800,1,1
2277,25,5,1355,11282,0700_0800,1,1
2278,18,14,1286,5037,0700_0800,1,1
2279,34,24,1322,1325,0700_0800,1,1
2280,6,22,5238,3689,0700_0800,1,1
2281,5,16,11282,11827,0700_0800,1,1
2282,27,11,1346,5119,0700_0800,1,1
2283,2,24,11123,1325,0700_0800,1,1
2284,17,11,1289,5119,0700_0800,1,1
2285,34,41,1319,5578,0700_0800,1,1
2286,17,24,1289,1325,0700_0800,1,1
2287,3,24,11159,1325,0700_0800,1,1
2288,3,41,11159,5578,0700_0800,1,1
2289,2,18,11123,1286,0700_0800,1,1
2290,26,15,1323,4899,0700_0800,1,1
2291,17,27,1289,1346,0700_0800,1,1
2292,19,9,1352,5356,0700_0800,1,1
2293,37,41,1353,5578,0700_0800,1,1
2294,34,9,1322,5356,0700_0800,1,1
2295,25,41,1354,5578,0700_0800,1,1
2296,7,19,11281,1352,0700_0800,1,1
2297,31,1,1314,5577,0700_0800,1,1
2298,3,21,11159,6253,0700_0800,1,1
2299,18,3,1286,11159,0700_0800,1,1
2300,41,20,5578,1356,0700_0800,1,1
2301,11,14,5119,5037,0700_0800,1,1
2302,18,23,1286,1361,0700_0800,1,1
2303,3,6,11159,5238,0700_0800,1,1
2304,1,16,5577,11827,0700_0800,1,1
2305,6,34,5238,1322,0700_0800,1,1
2306,6,30,5238,1360,0700_0800,1,1
2307,28,2,1359,11123,0700_0800,1,1
2308,28,22,1359,3689,0700_0800,1,1
2309,34,21,1322,6253,0700_0800,1,1
2310,19,24,1352,1325,0700_0800,1,1
2311,2,36,11123,1299,0700_0800,1,1
2312,3,11,11159,5119,0700_0800,1,1
2313,1,14,5577,5037,0700_0800,1,1
2314,17,34,1289,1319,0700_0800,1,1
2315,6,14,5238,5037,0700_0800,1,1
2316,11,37,5119,1353,0700_0800,1,1
2317,27,21,1348,6253,0700_0800,1,1
2318,6,2,5238,11123,0700_0800,1,1
2319,1,32,5577,1285,0700_0800,1,1
2320,39,11,1404,5119,0700_0800,1,1
2321,19,41,1352,5578,0700_0800,1,1
2322,9,37,5356,1349,0700_0800,1,1
2323,35,41,1290,5578,0700_0800,1,1
2324,25,38,1355,1397,0700_0800,1,1
2325,2,30,11123,1360,0700_0800,1,1
2326,31,37,1318,1353,0700_0800,1,1
2327,2,13,11123,5034,0700_0800,1,1
2328,7,5,11281,11282,0700_0800,1,1
2329,19,14,1352,5037,0700_0800,1,1
2330,28,14,1359,5037,0700_0800,1,1
2331,26,34,1323,1322,0700_0800,1,1
2332,26,14,1323,5037,0700_0800,1,1
2333,37,24,1353,1325,0700_0800,1,1
2334,28,24,1359,1325,0700_0800,1,1
2335,1,23,5577,1361,0700_0800,1,1
2336,20,31,1356,1318,0700_0800,1,1
2337,3,27,11159,1346,0700_0800,1,1
2338,37,16,1353,11827,0700_0800,1,1
2339,7,17,11281,1289,0700_0800,1,1
2340,2,19,11123,1352,0700_0800,1,1
2341,33,16,1351,11827,0700_0800,1,1
2342,36,24,1299,1325,0700_0800,1,1
2343,18,21,1286,6253,0700_0800,1,1
2344,33,3,1351,11159,0700_0800,1,1
2345,1,41,5577,5578,0700_0800,1,1
2346,9,1,5356,5577,0700_0800,1,1
2347,28,17,1359,1289,0700_0800,1,1
2348,1,10,5577,5929,0700_0800,1,1
2349,2,21,11123,6253,0700_0800,1,1
2350,17,1,1289,5577,0700_0800,1,1
2351,34,10,1322,5929,0700_0800,1,1
2352,21,11,6253,5119,0700_0800,1,1
2353,25,13,1354,5034,0700_0800,1,1
2354,35,17,1290,1289,0700_0800,1,1
2355,33,11,1351,5119,0700_0800,1,1
2356,3,9,11159,5356,0700_0800,1,1
2357,6,41,5238,5578,0700_0800,1,1
2358,7,37,11281,1349,0700_0800,1,1
2359,2,31,11123,1314,0700_0800,1,1
2360,34,3,1322,11159,0700_0800,1,1
2361,9,5,5356,11282,0700_0800,1,1
2362,7,32,11281,1285,0700_0800,1,1
2363,9,34,5356,1322,0700_0800,1,1
2364,1,9,5577,5356,0700_0800,1,1
2365,27,31,1346,1318,0700_0800,1,1
2366,2,22,11123,3689,0700_0800,1,1
2367,32,2,1285,11123,0700_0800,1,1
2368,3,14,11159,5037,0700_0800,1,1
2369,24,9,1325,5356,0700_0800,1,1
2370,7,22,11281,3689,0700_0800,1,1
2371,33,22,1351,3689,0700_0800,1,1
2372,9,19,5356,1352,0700_0800,1,1
2373,19,3,1352,11159,0700_0800,1,1
2374,14,27,5037,1346,0700_0800,1,1
2375,1,2,5577,11123,0700_0800,1,1
2376,21,3,6253,11159,0700_0800,1,1
2377,33,38,1351,1397,0700_0800,1,1
2378,27,20,1348,1356,0700_0800,1,1
2379,2,41,11123,5578,0700_0800,1,1
2380,3,41,11159,5578,0700_0800,1,1
2381,17,41,1289,5578,0700_0800,1,1
2382,1,24,5577,1325,0700_0800,1,1
2383,34,38,1322,1397,0700_0800,1,1
2384,37,34,1353,1322,0700_0800,1,1
2385,41,14,5578,5037,0700_0800,1,1
2386,2,16,11123,11827,0700_0800,1,1
2387,7,16,11281,11827,0700_0800,1,1
2388,17,2,1289,11123,0700_0800,1,1
2389,28,9,1359,5356,0700_0800,1,1
2390,3,11,11159,5119,0700_0800,1,1
2391,27,4,1348,11180,0700_0800,1,1
2392,3,8,11159,10847,0700_0800,1,1
2393,19,41,1352,5578,0700_0800,1,1
2394,41,12,5578,11151,0700_0800,1,1
2395,6,23,5238,1361,0700_0800,1,1
2396,28,11,1359,5119,0700_0800,1,1
2397,6,37,5238,1349,0700_0800,1,1
2398,28,16,1359,11827,0700_0800,1,1
2399,37,21,1349,6253,0700_0800,1,1
2400,17,34,1289,1319,0700_0800,1,1
2401,17,3,1289,11159,0700_0800,1,1
2402,18,24,1286,1325,0700_0800,1,1
2403,33,34,1351,1322,0700_0800,1,1
2404,37,27,1353,1346,0700_0800,1,1
2405,11,19,5119,1352,0700_0800,1,1
2406,7,13,11281,5034,0700_0800,1,1
2407,1,18,5577,1286,0700_0800,1,1
2408,18,11,1286,5119,0700_0800,1,1
2409,17,6,1289,5238,0700_0800,1,1
2410,5,38,11282,1397,0700_0800,1,1
2411,1,23,5577,1361,0700_0800,1,1
2412,2,21,11123,6253,0700_0800,1,1
2413,32,9,1285,5356,0700_0800,1,1
2414,6,14,5238,5037,0700_0800,1,1
2415,1,5,5577,11282,0700_0800,1,1
2416,36,28,1299,1359,0700_0800,1,1
2417,3,33,11159,1351,0700_0800,1,1
2418,27,5,1348,11282,0700_0800,1,1
2419,1,9,5577,5356,0700_0800,1,1
2420,3,37,11159,1353,0700_0800,1,1
2421,19,24,1352,1325,0700_0800,1,1
2422,11,1,5119,5577,0700_0800,1,1
2423,41,9,5578,5356,0700_0800,1,1
2424,3,21,11159,6253,0700_0800,1,1
2425,13,21,5034,6253,0700_0800,1,1
2426,12,3,11151,11159,0700_0800,1,1
2427,37,21,1349,6253,0700_0800,1,1
2428,41,16,5578,11827,0700_0800,1,1
2429,5,11,11282,5119,0700_0800,1,1
2430,6,20,5238,1356,0700_0800,1,1
2431,8,41,10847,5578,0700_0800,1,1
2432,11,28,5119,1359,0700_0800,1,1
2433,12,16,11151,11827,0700_0800,1,1
2434,3,11,11159,5119,0700_0800,1,1
2435,28,6,1359,5238,0700_0800,1,1
2436,31,11,1318,5119,0700_0800,1,1
2437,16,41,11827,5578,0700_0800,1,1
2438,2,16,11123,11827,0700_0800,1,1
2439,17,16,1289,11827,0700_0800,1,1
2440,20,39,1357,1404,0700_0800,1,1
2441,17,15,1289,4899,0700_0800,1,1
2442,9,16,5356,11827,0700_0800,1,1
2443,5,19,11282,1352,0700_0800,1,1
2444,27,41,1346,5578,0700_0800,1,1
2445,7,41,11281,5578,0700_0800,1,1
2446,7,11,11281,5119,0700_0800,1,1
2447,11,41,5119,5578,0700_0800,1,1
2448,17,14,1289,5037,0700_0800,1,1
2449,2,11,11123,5119,0700_0800,1,1
2450,2,14,11123,5037,0700_0800,1,1
2451,32,11,1285,5119,0700_0800,1,1
2452,1,21,5577,6253,0700_0800,1,1
2453,32,41,1285,5578,0700_0800,1,1
2454,7,34,11281,1322,0700_0800,1,1
2455,34,28,1322,1359,0700_0800,1,1
2456,18,31,1286,1314,0700_0800,1,1
2457,5,34,11282,1322,0700_0800,1,1
2458,31,34,1318,1322,0700_0800,1,1
2459,21,23,6253,1361,0700_0800,1,1
2460,1,17,5577,1289,0700_0800,1,1
2461,19,33,1352,1351,0700_0800,1,1
2462,12,21,11151,6253,0700_0800,1,1
2463,6,14,5238,5037,0700_0800,1,1
2464,3,37,11159,1353,0700_0800,1,1
2465,1,41,5577,5578,0700_0800,1,1
2466,16,24,11827,1325,0700_0800,1,1
2467,9,24,5356,1325,0700_0800,1,1
2468,30,36,1360,1299,0700_0800,1,1
2469,26,19,1323,1352,0700_0800,1,1
2470,3,13,11159,5034,0700_0800,1,1
2471,1,11,5577,5119,0700_0800,1,1
2472,3,24,11159,1325,0700_0800,1,1
2473,6,11,5238,5119,0700_0800,1,1
2474,6,9,5238,5356,0700_0800,1,1
2475,5,41,11282,5578,0700_0800,1,1
2476,31,41,1314,5578,0700_0800,1,1
2477,1,34,5577,1319,0700_0800,1,1
2478,1,13,5577,5034,0700_0800,1,1
2479,17,9,1289,5356,0700_0800,1,1
2480,1,11,5577,5119,0700_0800,1,1
2481,37,11,1353,5119,0700_0800,1,1
2482,3,14,11159,5037,0700_0800,1,1
2483,35,21,1290,6253,0700_0800,1,1
2484,32,28,1285,1359,0700_0800,1,1
2485,2,13,11123,5034,0700_0800,1,1
2486,3,11,11159,5119,0700_0800,1,1
2487,7,38,11281,1397,0700_0800,1,1
2488,3,38,11159,1397,0700_0800,1,1
2489,12,22,11151,3689,0700_0800,1,1
2490,27,1,1346,5577,0700_0800,1,1
2491,34,37,1322,1353,0700_0800,1,1
2492,5,22,11282,3689,0700_0800,1,1
2493,31,3,1318,11159,0700_0800,1,1
2494,11,24,5119,1325,0700_0800,1,1
2495,17,38,1289,1397,0700_0800,1,1
2496,31,13,1314,5034,0700_0800,1,1
2497,18,17,1286,1289,0700_0800,1,1
2498,35,18,1290,1286,0700_0800,1,1
2499,2,21,11123,6253,0700_0800,1,1
2500,18,19,1286,1352,0700_0800,1,1
2501,19,9,1352,5356,0700_0800,1,1
2502,3,41,11159,5578,0700_0800,1,1
2503,2,24,11123,1325,0700_0800,1,1
2504,3,24,11159,1325,0700_0800,1,1
2505,17,24,1289,1325,0700_0800,1,1
2506,17,11,1289,5119,0700_0800,1,1
2507,34,41,1319,5578,0700_0800,1,1
2508,18,21,1286,6253,0700_0800,1,1
2509,27,34,1346,1322,0700_0800,1,1
2510,1,21,5577,6253,0700_0800,1,1
2511,27,32,1346,1285,0700_0800,1,1
2512,7,14,11281,5037,0700_0800,1,1
2513,15,41,4899,5578,0700_0800,1,1
2514,31,9,1318,5356,0700_0800,1,1
2515,28,9,1359,5356,0700_0800,1,1
2516,13,11,5034,5119,0700_0800,1,1
2517,6,24,5238,1325,0700_0800,1,1
2518,1,14,5577,5037,0700_0800,1,1
2519,16,41,11827,5578,0700_0800,1,1
2520,31,14,1314,5037,0700_0800,1,1
2521,31,34,1318,1322,0700_0800,1,1
2522,3,13,11159,5034,0700_0800,1,1
