Unit of output:
,,distance=,miles
,,speed=,mph
,,energy=,1000 joule
,,CO2,NOX,CO,HC,PM,PM2.5=,g
 , , , , , ,network, , , , , , , , , , , , , ,sov, , , , , , , , , , , , , ,hov, , , , , , , , , , , , , ,truck, , , , , , , , , , , , , ,passenger_car, , , , , , , , , , , , , ,passenger_truck, , , , , , , , , , , , , ,light_commercial-truck, , , , , , , , , , , , , ,single_unit_long-haul_truck, , , , , , , , , , , , , ,combination_long-haul_truck, , , , , , , , , , , , , ,OD1, , , , , , , , , , , , , ,OD2, , , , , , , , , , , , , ,link_48_41_ NB freeway, , , , , , , , , , , , , , , , , , , , ,link_39_44_NB freeway, , , , , , , , , , , , , , , , , , , , ,link_48_41_SB freeway, , , , , , , , , , , , , , , , , , , , ,link_39_44_ SB freeway, , , , , , , , , , , , , , , , , , , , ,Path1_Major freeway route, , , , , , , , , , , , , ,Path2_Major freeway route, , , , , , , , , , , , , ,Path3_Major arterial route, , , , , , , , , , , , , ,Path4_Major arterial route, , , , , , , , , , , , , ,for all demand types, , , , , , , , , , , , , ,critical link list, , , , , , , , , , , , , , , , , , , , ,critical OD list, , , , , , , , , , , , , ,critical path list, , , , , , , , , , , , , ,
scenario_no,scenario_name,scenario_data,number_of_iterations,day_no,traffic_flow_model,#_of_vehicles_network,percentage_network,avg_distance_network,avg_travel_time(min)_network,avg_speed_network,avg_toll_cost_network,avg_energy_network,avg_CO2_network,avg_NOX_network,avg_CO_network,avg_HC_network,avg_PM_network,avg_PM2_5_network,avg_MilesPerGallon_network,#_of_vehicles_sov,percentage_sov,avg_distance_sov,avg_travel_time(min)_sov,avg_speed_sov,avg_toll_cost_sov,avg_energy_sov,avg_CO2_sov,avg_NOX_sov,avg_CO_sov,avg_HC_sov,avg_PM_sov,avg_PM2_5_sov,avg_MilesPerGallon_sov,#_of_vehicles_hov,percentage_hov,avg_distance_hov,avg_travel_time(min)_hov,avg_speed_hov,avg_toll_cost_hov,avg_energy_hov,avg_CO2_hov,avg_NOX_hov,avg_CO_hov,avg_HC_hov,avg_PM_hov,avg_PM2_5_hov,avg_MilesPerGallon_hov,#_of_vehicles_truck,percentage_truck,avg_distance_truck,avg_travel_time(min)_truck,avg_speed_truck,avg_toll_cost_truck,avg_energy_truck,avg_CO2_truck,avg_NOX_truck,avg_CO_truck,avg_HC_truck,avg_PM_truck,avg_PM2_5_truck,avg_MilesPerGallon_truck,#_of_vehicles_passenger_car,percentage_passenger_car,avg_distance_passenger_car,avg_travel_time(min)_passenger_car,avg_speed_passenger_car,avg_toll_cost_passenger_car,avg_energy_passenger_car,avg_CO2_passenger_car,avg_NOX_passenger_car,avg_CO_passenger_car,avg_HC_passenger_car,avg_PM_passenger_car,avg_PM2_5_passenger_car,avg_MilesPerGallon_passenger_car,#_of_vehicles_passenger_truck,percentage_passenger_truck,avg_distance_passenger_truck,avg_travel_time(min)_passenger_truck,avg_speed_passenger_truck,avg_toll_cost_passenger_truck,avg_energy_passenger_truck,avg_CO2_passenger_truck,avg_NOX_passenger_truck,avg_CO_passenger_truck,avg_HC_passenger_truck,avg_PM_passenger_truck,avg_PM2_5_passenger_truck,avg_MilesPerGallon_passenger_truck,#_of_vehicles_light_commercial-truck,percentage_light_commercial-truck,avg_distance_light_commercial-truck,avg_travel_time(min)_light_commercial-truck,avg_speed_light_commercial-truck,avg_toll_cost_light_commercial-truck,avg_energy_light_commercial-truck,avg_CO2_light_commercial-truck,avg_NOX_light_commercial-truck,avg_CO_light_commercial-truck,avg_HC_light_commercial-truck,avg_PM_light_commercial-truck,avg_PM2_5_light_commercial-truck,avg_MilesPerGallon_light_commercial-truck,#_of_vehicles_single_unit_long-haul_truck,percentage_single_unit_long-haul_truck,avg_distance_single_unit_long-haul_truck,avg_travel_time(min)_single_unit_long-haul_truck,avg_speed_single_unit_long-haul_truck,avg_toll_cost_single_unit_long-haul_truck,avg_energy_single_unit_long-haul_truck,avg_CO2_single_unit_long-haul_truck,avg_NOX_single_unit_long-haul_truck,avg_CO_single_unit_long-haul_truck,avg_HC_single_unit_long-haul_truck,avg_PM_single_unit_long-haul_truck,avg_PM2_5_single_unit_long-haul_truck,avg_MilesPerGallon_single_unit_long-haul_truck,#_of_vehicles_combination_long-haul_truck,percentage_combination_long-haul_truck,avg_distance_combination_long-haul_truck,avg_travel_time(min)_combination_long-haul_truck,avg_speed_combination_long-haul_truck,avg_toll_cost_combination_long-haul_truck,avg_energy_combination_long-haul_truck,avg_CO2_combination_long-haul_truck,avg_NOX_combination_long-haul_truck,avg_CO_combination_long-haul_truck,avg_HC_combination_long-haul_truck,avg_PM_combination_long-haul_truck,avg_PM2_5_combination_long-haul_truck,avg_MilesPerGallon_combination_long-haul_truck,#_of_vehicles_OD1,percentage_OD1,avg_distance_OD1,avg_travel_time(min)_OD1,avg_speed_OD1,avg_toll_cost_OD1,avg_energy_OD1,avg_CO2_OD1,avg_NOX_OD1,avg_CO_OD1,avg_HC_OD1,avg_PM_OD1,avg_PM2_5_OD1,avg_MilesPerGallon_OD1,#_of_vehicles_OD2,percentage_OD2,avg_distance_OD2,avg_travel_time(min)_OD2,avg_speed_OD2,avg_toll_cost_OD2,avg_energy_OD2,avg_CO2_OD2,avg_NOX_OD2,avg_CO_OD2,avg_HC_OD2,avg_PM_OD2,avg_PM2_5_OD2,avg_MilesPerGallon_OD2,#_of_vehicles_link_48_41_ NB freeway,percentage_link_48_41_ NB freeway,avg_distance_link_48_41_ NB freeway,avg_travel_time(min)_link_48_41_ NB freeway,avg_speed_link_48_41_ NB freeway,avg_toll_cost_link_48_41_ NB freeway,avg_energy_link_48_41_ NB freeway,avg_CO2_link_48_41_ NB freeway,avg_NOX_link_48_41_ NB freeway,avg_CO_link_48_41_ NB freeway,avg_HC_link_48_41_ NB freeway,avg_PM_link_48_41_ NB freeway,avg_PM2_5_link_48_41_ NB freeway,avg_MilesPerGallon_link_48_41_ NB freeway,SOV_volumelink_48_41_ NB freeway,HOV_volumelink_48_41_ NB freeway,Truck_volumelink_48_41_ NB freeway,Intermodal_volumelink_48_41_ NB freeway,number_of_crashes_per_yearlink_48_41_ NB freeway,number_of_fatal_and_injury_crashes_per_yearlink_48_41_ NB freeway,number_of_property_damage_only_crashes_per_yearlink_48_41_ NB freeway,#_of_vehicles_link_39_44_NB freeway,percentage_link_39_44_NB freeway,avg_distance_link_39_44_NB freeway,avg_travel_time(min)_link_39_44_NB freeway,avg_speed_link_39_44_NB freeway,avg_toll_cost_link_39_44_NB freeway,avg_energy_link_39_44_NB freeway,avg_CO2_link_39_44_NB freeway,avg_NOX_link_39_44_NB freeway,avg_CO_link_39_44_NB freeway,avg_HC_link_39_44_NB freeway,avg_PM_link_39_44_NB freeway,avg_PM2_5_link_39_44_NB freeway,avg_MilesPerGallon_link_39_44_NB freeway,SOV_volumelink_39_44_NB freeway,HOV_volumelink_39_44_NB freeway,Truck_volumelink_39_44_NB freeway,Intermodal_volumelink_39_44_NB freeway,number_of_crashes_per_yearlink_39_44_NB freeway,number_of_fatal_and_injury_crashes_per_yearlink_39_44_NB freeway,number_of_property_damage_only_crashes_per_yearlink_39_44_NB freeway,#_of_vehicles_link_48_41_SB freeway,percentage_link_48_41_SB freeway,avg_distance_link_48_41_SB freeway,avg_travel_time(min)_link_48_41_SB freeway,avg_speed_link_48_41_SB freeway,avg_toll_cost_link_48_41_SB freeway,avg_energy_link_48_41_SB freeway,avg_CO2_link_48_41_SB freeway,avg_NOX_link_48_41_SB freeway,avg_CO_link_48_41_SB freeway,avg_HC_link_48_41_SB freeway,avg_PM_link_48_41_SB freeway,avg_PM2_5_link_48_41_SB freeway,avg_MilesPerGallon_link_48_41_SB freeway,SOV_volumelink_48_41_SB freeway,HOV_volumelink_48_41_SB freeway,Truck_volumelink_48_41_SB freeway,Intermodal_volumelink_48_41_SB freeway,number_of_crashes_per_yearlink_48_41_SB freeway,number_of_fatal_and_injury_crashes_per_yearlink_48_41_SB freeway,number_of_property_damage_only_crashes_per_yearlink_48_41_SB freeway,#_of_vehicles_link_39_44_ SB freeway,percentage_link_39_44_ SB freeway,avg_distance_link_39_44_ SB freeway,avg_travel_time(min)_link_39_44_ SB freeway,avg_speed_link_39_44_ SB freeway,avg_toll_cost_link_39_44_ SB freeway,avg_energy_link_39_44_ SB freeway,avg_CO2_link_39_44_ SB freeway,avg_NOX_link_39_44_ SB freeway,avg_CO_link_39_44_ SB freeway,avg_HC_link_39_44_ SB freeway,avg_PM_link_39_44_ SB freeway,avg_PM2_5_link_39_44_ SB freeway,avg_MilesPerGallon_link_39_44_ SB freeway,SOV_volumelink_39_44_ SB freeway,HOV_volumelink_39_44_ SB freeway,Truck_volumelink_39_44_ SB freeway,Intermodal_volumelink_39_44_ SB freeway,number_of_crashes_per_yearlink_39_44_ SB freeway,number_of_fatal_and_injury_crashes_per_yearlink_39_44_ SB freeway,number_of_property_damage_only_crashes_per_yearlink_39_44_ SB freeway,#_of_vehicles_Path1_Major freeway route,percentage_Path1_Major freeway route,avg_distance_Path1_Major freeway route,avg_travel_time(min)_Path1_Major freeway route,avg_speed_Path1_Major freeway route,avg_toll_cost_Path1_Major freeway route,avg_energy_Path1_Major freeway route,avg_CO2_Path1_Major freeway route,avg_NOX_Path1_Major freeway route,avg_CO_Path1_Major freeway route,avg_HC_Path1_Major freeway route,avg_PM_Path1_Major freeway route,avg_PM2_5_Path1_Major freeway route,avg_MilesPerGallon_Path1_Major freeway route,#_of_vehicles_Path2_Major freeway route,percentage_Path2_Major freeway route,avg_distance_Path2_Major freeway route,avg_travel_time(min)_Path2_Major freeway route,avg_speed_Path2_Major freeway route,avg_toll_cost_Path2_Major freeway route,avg_energy_Path2_Major freeway route,avg_CO2_Path2_Major freeway route,avg_NOX_Path2_Major freeway route,avg_CO_Path2_Major freeway route,avg_HC_Path2_Major freeway route,avg_PM_Path2_Major freeway route,avg_PM2_5_Path2_Major freeway route,avg_MilesPerGallon_Path2_Major freeway route,#_of_vehicles_Path3_Major arterial route,percentage_Path3_Major arterial route,avg_distance_Path3_Major arterial route,avg_travel_time(min)_Path3_Major arterial route,avg_speed_Path3_Major arterial route,avg_toll_cost_Path3_Major arterial route,avg_energy_Path3_Major arterial route,avg_CO2_Path3_Major arterial route,avg_NOX_Path3_Major arterial route,avg_CO_Path3_Major arterial route,avg_HC_Path3_Major arterial route,avg_PM_Path3_Major arterial route,avg_PM2_5_Path3_Major arterial route,avg_MilesPerGallon_Path3_Major arterial route,#_of_vehicles_Path4_Major arterial route,percentage_Path4_Major arterial route,avg_distance_Path4_Major arterial route,avg_travel_time(min)_Path4_Major arterial route,avg_speed_Path4_Major arterial route,avg_toll_cost_Path4_Major arterial route,avg_energy_Path4_Major arterial route,avg_CO2_Path4_Major arterial route,avg_NOX_Path4_Major arterial route,avg_CO_Path4_Major arterial route,avg_HC_Path4_Major arterial route,avg_PM_Path4_Major arterial route,avg_PM2_5_Path4_Major arterial route,avg_MilesPerGallon_Path4_Major arterial route,#_of_vehicles_for all demand types,percentage_for all demand types,avg_distance_for all demand types,avg_travel_time(min)_for all demand types,avg_speed_for all demand types,avg_toll_cost_for all demand types,avg_energy_for all demand types,avg_CO2_for all demand types,avg_NOX_for all demand types,avg_CO_for all demand types,avg_HC_for all demand types,avg_PM_for all demand types,avg_PM2_5_for all demand types,avg_MilesPerGallon_for all demand types,#_of_vehicles_critical link list,percentage_critical link list,avg_distance_critical link list,avg_travel_time(min)_critical link list,avg_speed_critical link list,avg_toll_cost_critical link list,avg_energy_critical link list,avg_CO2_critical link list,avg_NOX_critical link list,avg_CO_critical link list,avg_HC_critical link list,avg_PM_critical link list,avg_PM2_5_critical link list,avg_MilesPerGallon_critical link list,SOV_volumecritical link list,HOV_volumecritical link list,Truck_volumecritical link list,Intermodal_volumecritical link list,number_of_crashes_per_yearcritical link list,number_of_fatal_and_injury_crashes_per_yearcritical link list,number_of_property_damage_only_crashes_per_yearcritical link list,#_of_vehicles_critical OD list,percentage_critical OD list,avg_distance_critical OD list,avg_travel_time(min)_critical OD list,avg_speed_critical OD list,avg_toll_cost_critical OD list,avg_energy_critical OD list,avg_CO2_critical OD list,avg_NOX_critical OD list,avg_CO_critical OD list,avg_HC_critical OD list,avg_PM_critical OD list,avg_PM2_5_critical OD list,avg_MilesPerGallon_critical OD list,#_of_vehicles_critical path list,percentage_critical path list,avg_distance_critical path list,avg_travel_time(min)_critical path list,avg_speed_critical path list,avg_toll_cost_critical path list,avg_energy_critical path list,avg_CO2_critical path list,avg_NOX_critical path list,avg_CO_critical path list,avg_HC_critical path list,avg_PM_critical path list,avg_PM2_5_critical path list,avg_MilesPerGallon_critical path list,
 , , , ,1, ,2513,100,3.13233,5.62674,33.4012,0,0,0,0,5983.06,0,0,0,0,2513,100,3.13233,5.62674,33.4012,0,0,0,0,5983.06,0,0,0,0,0,0,0,0,0,0,0,0,0,0,0,0,0,0,0,0,0,0,0,0,0,0,0,0,0,0,0,0,2513,100,3.13233,5.62674,33.4012,0,0,0,0,5983.06,0,0,0,0,0,0,0,0,0,0,0,0,0,0,0,0,0,0,0,0,0,0,0,0,0,0,0,0,0,0,0,0,0,0,0,0,0,0,0,0,0,0,0,0,0,0,0,0,0,0,0,0,0,0,0,0,0,0,0,0,3,0.119379,1.4541,2.21106,39.4589,0,0,0,0,2333.01,0,0,0,0,3,0.119379,1.4541,2.20799,39.5138,0,0,0,0,2331.7,0,0,0,0,0,0,1.4541,2.20799,39.5138,0,0,0,0,0,0,0,0,0,0,0,0,0,0,0,0,0,0,1.4541,2.20799,39.5138,0,0,0,0,0,0,0,0,0,0,0,0,0,0,0,0,0,0,1.4541,2.20799,39.5138,0,0,0,0,0,0,0,0,0,0,0,0,0,0,0,0,0,0,1.4541,2.20799,39.5138,0,0,0,0,0,0,0,0,0,0,0,0,0,0,0,0,0,0,0,0,0,0,0,0,0,0,0,0,0,0,0,0,0,0,0,0,0,0,0,0,0,0,0,0,0,0,0,0,0,0,0,0,0,0,0,0,0,0,2513,100,3.13233,5.62674,33.4012,0,0,0,0,5983.06,0,0,0,0,0,0,0,0,0,0,0,0,0,0,0,0,0,0,2513,100,3.13233,5.62674,33.4012,0,0,0,0,5983.06,0,0,0,0,0,0,0,0,0,0,0,2513,100,3.13233,5.62674,33.4012,0,0,0,0,5983.06,0,0,0,0,2513,100,3.13233,5.62674,33.4012,0,0,0,0,5983.06,0,0,0,0,
1,test1, ,1,,1,2513,100,3.13233,5.62674,33.4012,0,0,0,0,5983.06,0,0,0,0,2513,100,3.13233,5.62674,33.4012,0,0,0,0,5983.06,0,0,0,0,0,0,0,0,0,0,0,0,0,0,0,0,0,0,0,0,0,0,0,0,0,0,0,0,0,0,0,0,2513,100,3.13233,5.62674,33.4012,0,0,0,0,5983.06,0,0,0,0,0,0,0,0,0,0,0,0,0,0,0,0,0,0,0,0,0,0,0,0,0,0,0,0,0,0,0,0,0,0,0,0,0,0,0,0,0,0,0,0,0,0,0,0,0,0,0,0,0,0,0,0,0,0,0,0,3,0.119379,1.4541,2.21106,39.4589,0,0,0,0,2333.01,0,0,0,0,3,0.119379,1.4541,2.20799,39.5138,0,0,0,0,2331.7,0,0,0,0,0,0,1.4541,2.20799,39.5138,0,0,0,0,0,0,0,0,0,0,0,0,0,0,0,0,0,0,1.4541,2.20799,39.5138,0,0,0,0,0,0,0,0,0,0,0,0,0,0,0,0,0,0,1.4541,2.20799,39.5138,0,0,0,0,0,0,0,0,0,0,0,0,0,0,0,0,0,0,1.4541,2.20799,39.5138,0,0,0,0,0,0,0,0,0,0,0,0,0,0,0,0,0,0,0,0,0,0,0,0,0,0,0,0,0,0,0,0,0,0,0,0,0,0,0,0,0,0,0,0,0,0,0,0,0,0,0,0,0,0,0,0,0,0,2513,100,3.13233,5.62674,33.4012,0,0,0,0,5983.06,0,0,0,0,0,0,0,0,0,0,0,0,0,0,0,0,0,0,2513,100,3.13233,5.62674,33.4012,0,0,0,0,5983.06,0,0,0,0,0,0,0,0,0,0,0,2513,100,3.13233,5.62674,33.4012,0,0,0,0,5983.06,0,0,0,0,2513,100,3.13233,5.62674,33.4012,0,0,0,0,5983.06,0,0,0,0,
CPU Clock: 00:00:05 --