DTALite:
A Fast Open Source DTA Engine
Software Version =,1.1.0
Release Date=,May  4 2016
Simulation Date =,year: 2016,month:05,day:4,hour:16,min: 1
----------------------test1----------------------
Signal Control Representation =,Continuous Flow with Link Capacity Constraint
Traffic Flow Model =,Point Queue Model
Assignment method=,MSA
 

User Defined Assignment Intervals==,28

# of Nodes=,152
# of Link Types=,12
# of Links=,388
# of Prohibited Movements=,0
# of Pretimed Signals=,15
# of Actuated Signals=,0
# of Zones=,41
# of Activity Locations=,51
# of Vehicle Types=,5
# of Demand Types=,4
# of Sensor Records=,78
Demand Load Mode=,demand meta databaseReading demand file,input_demand.csv,cumulative # of agents=,2513,


Demand multiplier in input_scenario_settings.csv file=,1
# of Vehicles to be simulated=,2513
# of Intra-zone Vehicles (not be simulated)=,75.5946
Starting Time of Demand Loading (min)=,930
Ending Time of Demand Loading (min)=,1050
Output Emission data=,NO

--Link Type Statistics--
link_type,link_type_name,link_type_code,number_of_links,avg_lane_capacity,avg_number_of_lanes,avg_speed_limit,avg_link_length,avg_K_jam,total_link_length,
1,Freeway,f,124,1466.62,6.67742,24.4355,0.2856,216.774,35.4144,
2,Highway/Expressway,h,58,404.186,2.27586,37.4138,0.264813,120,15.3592,
3,Principal�arterial,a,80,469.397,1.8,34.875,0.216109,120,17.2887,
4,Major arterial,a,112,607.55,1.125,27.4107,0.231049,120,25.8775,
5,Minor arterial,a,14,514.5,1,26,0.277057,120,3.8788,
6,Collector,a,0,0,0,0,0,0,0,
7,Local,a,0,0,0,0,0,0,0,
8,Frontage road,a,0,0,0,0,0,0,0,
9,Ramp,r,0,0,0,0,0,0,0,
10,Zonal connector,c,0,0,0,0,0,0,0,
100,Transit link,t,0,0,0,0,0,0,0,
200,Walking link,w,0,0,0,0,0,0,0,
# of demand type code based toll records=0
# of link-based toll records=1
# of work zone records=0
# of VMS records=0
Routing method=,Individual agent-based routing
Iteration #,CPU Running Time,Per Iteration CPU Running Time,# of agents,Avg Travel Time (min),Avg Waiting Time at Origin (min),Avg Trip Time Index=(Mean TT/Free-flow TT),Avg Distance,Avg Speed,Avg CO (g),% considering to switch,% switched,% completing trips,network clearance time (in min),Avg User Equilibirum (UE) gap (min),Relative UE gap (%),ODME: number of data points,ODME: Absolute link count error,ODME: % link count error,ODME: slope =observed/estimated link count,ODME: r_squared link count,travel_time_15:30,travel_time_15:45,travel_time_16:00,travel_time_16:15,travel_time_16:30,travel_time_16:45,travel_time_17:00,travel_time_17:15,Avg UE gap_15:30,Avg UE gap_15:45,Avg UE gap_16:00,Avg UE gap_16:15,Avg UE gap_16:30,Avg UE gap_16:45,Avg UE gap_17:00,Avg UE gap_17:15,Relative UE gap_15:30,Relative UE gap_15:45,Relative UE gap_16:00,Relative UE gap_16:15,Relative UE gap_16:30,Relative UE gap_16:45,Relative UE gap_17:00,Relative UE gap_17:15,
1,00:00:03,00:00:03,2513,5.67425,0,1.01484,3.13233,33.1215,5983.27,100,100,100,1440, , , , , , , ,5.85036,5.6118,5.80033,5.56234,5.63844,5.66941,5.61602,5.67549, , , , , , , , , , , , , , , , ,


--Time Dependent Network MOE--,60 min interval
time_stamp_in_min,time_clock,cumulative_in_flow_count,cumulative_out_flow_count,number_vehicles_in_network,number_vehicles_entering_network,total_vehicle_mile_traveled,avg_trip_time (departure_time_based),avg_trip_time_index = trip time/FFTT,avg_distance,avg_speed,
900,15:00,0,0,0,0,1896.68,5.67488,1.01337,3.1717,33.5341,

--Time Dependent Network MOE--,30 min interval
time_stamp_in_min,time_clock,cumulative_in_flow_count,cumulative_out_flow_count,number_vehicles_in_network,number_vehicles_entering_network,total_vehicle_mile_traveled,avg_trip_time (departure_time_based),avg_trip_time_index = trip time/FFTT,avg_distance,avg_speed,
930,15:30,21,0,21,21,1896.68,5.67488,1.01337,3.1717,33.5341,
960,16:00,618,507,111,597,1916.84,5.63288,1.01354,3.13209,33.3622,
990,16:30,1232,1134,98,614,2058.26,5.60783,1.01672,3.11857,33.3666,
1020,17:00,1894,1766,128,662,1999.78,5.59556,1.01554,3.11008,33.3488,
1050,17:30,2513,2438,75,619,0,0,0,0,0,

--Time Dependent Network MOE--,15 min interval
time_stamp_in_min,time_clock,cumulative_in_flow_count,cumulative_out_flow_count,number_vehicles_in_network,number_vehicles_entering_network,total_vehicle_mile_traveled,avg_trip_time (departure_time_based),avg_trip_time_index = trip time/FFTT,avg_distance,avg_speed,
930,15:30,21,0,21,21,899.137,5.80174,1.01234,3.25774,33.6907,
945,15:45,293,177,116,272,997.539,5.56613,1.01429,3.09795,33.3942,
960,16:00,618,507,111,325,973.95,5.75111,1.0127,3.20378,33.4243,
975,16:15,927,805,122,309,942.888,5.51618,1.01441,3.06132,33.2983,
990,16:30,1232,1134,98,305,993.647,5.59262,1.01619,3.10515,33.3133,
1005,16:45,1546,1442,104,314,1064.61,5.62215,1.01721,3.13121,33.4165,
1020,17:00,1894,1766,128,348,1049.68,5.56738,1.01685,3.11478,33.5682,
1035,17:15,2238,2108,130,344,950.101,5.62659,1.01413,3.10491,33.1096,
1050,17:30,2513,2438,75,275,0,0,0,0,0,

--Time Dependent Network MOE--,5 min interval
time_stamp_in_min,time_clock,cumulative_in_flow_count,cumulative_out_flow_count,number_vehicles_in_network,number_vehicles_entering_network,total_vehicle_mile_traveled,avg_trip_time (departure_time_based),avg_trip_time_index = trip time/FFTT,avg_distance,avg_speed,
930,15:30,21,0,21,21,246.359,5.34897,1.01301,2.96818,33.2944,
935,15:35,101,25,76,80,296.892,5.80406,1.01326,3.22709,33.3603,
940,15:40,201,93,108,100,355.886,6.17171,1.01107,3.52362,34.2559,
945,15:45,293,177,116,92,291.1,5.34532,1.01613,2.97041,33.3422,
950,15:50,396,280,116,103,366.555,5.57461,1.01434,3.1064,33.4344,
955,15:55,521,388,133,125,339.884,5.76085,1.01266,3.20645,33.3956,
960,16:00,618,507,111,97,340.763,5.69194,1.01172,3.12627,32.9547,
965,16:05,726,613,113,108,287.353,5.74305,1.00971,3.22869,33.7314,
970,16:10,822,705,117,96,345.834,5.81873,1.01619,3.26259,33.6423,
975,16:15,927,805,122,105,376.579,5.87997,1.01472,3.2746,33.4144,
980,16:20,1035,904,131,108,314.574,5.53117,1.01589,3.05412,33.1299,
985,16:25,1135,1025,110,100,251.735,5.03418,1.0121,2.79706,33.3368,
990,16:30,1232,1134,98,97,347.641,5.58147,1.01824,3.1319,33.6674,
995,16:35,1351,1224,127,119,361.65,5.68489,1.01552,3.11767,32.9049,
1000,16:40,1452,1323,129,101,284.357,5.49084,1.01458,3.0576,33.4113,
1005,16:45,1546,1442,104,94,308.634,5.56473,1.01251,3.11752,33.6137,
1010,16:50,1657,1530,127,111,397.994,5.56587,1.01666,3.10933,33.5185,
1015,16:55,1783,1651,132,126,357.983,5.73622,1.02184,3.16799,33.1367,
1020,17:00,1894,1766,128,111,384.65,5.63282,1.02041,3.17893,33.8615,
1025,17:05,2008,1887,121,114,318.196,5.34397,1.01488,2.94626,33.0794,
1030,17:10,2115,1996,119,107,346.836,5.71746,1.01477,3.21145,33.7015,
1035,17:15,2238,2108,130,123,389.048,5.61311,1.01764,3.06337,32.7452,
1040,17:20,2354,2221,133,116,292.82,5.21028,1.01459,2.9282,33.7203,
1045,17:25,2452,2338,114,98,268.233,6.17524,1.00854,3.39535,32.99,
1050,17:30,2513,2438,75,61,0,0,0,0,0,
1055,17:35,2513,2494,19,0,0,0,0,0,0,
Unit of output:
travel time=,min
travel Cost=,dollar
distance=,miles
speed=,mph
energy=,1000 joule
CO2=,gram


--MOE Group 1--
 , , , , , , , , , , , , , , , , , , , ,
,#_of_vehicles,avg_distance,avg_travel_time,avg_speed,avg_toll_cost,avg_energy_K_joule,avg_CO2_gram,avg_NOX_gram,avg_CO_gram,avg_HC_gram,avg_PM_gram,avg_PM2_5_gram,avg_energy_K_joule_per_mile,avg_CO2_gram_per_mile,avg_NOX_gram_per_mile,avg_CO_gram_per_mile,avg_HC_gram_per_mile,avg_PM_gram_per_mile,avg_PM2_5_gram_per_mile,avg_MilesPerGallon,
network,2513,3.13233,5.62674,33.4012,0,0,0,0,5983.06,0,0,0,0,0,0,1910.1,0,0,0,0,


--MOE Group 2--
 , , , , , , , , , , , , , , , , , , , ,
,#_of_vehicles,avg_distance,avg_travel_time,avg_speed,avg_toll_cost,avg_energy_K_joule,avg_CO2_gram,avg_NOX_gram,avg_CO_gram,avg_HC_gram,avg_PM_gram,avg_PM2_5_gram,avg_energy_K_joule_per_mile,avg_CO2_gram_per_mile,avg_NOX_gram_per_mile,avg_CO_gram_per_mile,avg_HC_gram_per_mile,avg_PM_gram_per_mile,avg_PM2_5_gram_per_mile,avg_MilesPerGallon,
sov,2513,3.13233,5.62674,33.4012,0,0,0,0,5983.06,0,0,0,0,0,0,1910.1,0,0,0,0,
hov,0,0,0,0,0,0,0,0,0,0,0,0,0,0,0,0,0,0,0,0,
truck,0,0,0,0,0,0,0,0,0,0,0,0,0,0,0,0,0,0,0,0,


--MOE Group 3--
 , , , , , , , , , , , , , , , , , , , ,
,#_of_vehicles,avg_distance,avg_travel_time,avg_speed,avg_toll_cost,avg_energy_K_joule,avg_CO2_gram,avg_NOX_gram,avg_CO_gram,avg_HC_gram,avg_PM_gram,avg_PM2_5_gram,avg_energy_K_joule_per_mile,avg_CO2_gram_per_mile,avg_NOX_gram_per_mile,avg_CO_gram_per_mile,avg_HC_gram_per_mile,avg_PM_gram_per_mile,avg_PM2_5_gram_per_mile,avg_MilesPerGallon,
passenger_car,2513,3.13233,5.62674,33.4012,0,0,0,0,5983.06,0,0,0,0,0,0,1910.1,0,0,0,0,
passenger_truck,0,0,0,0,0,0,0,0,0,0,0,0,0,0,0,0,0,0,0,0,
light_commercial-truck,0,0,0,0,0,0,0,0,0,0,0,0,0,0,0,0,0,0,0,0,
single_unit_long-haul_truck,0,0,0,0,0,0,0,0,0,0,0,0,0,0,0,0,0,0,0,0,
combination_long-haul_truck,0,0,0,0,0,0,0,0,0,0,0,0,0,0,0,0,0,0,0,0,


--MOE Group 4--
 , , , , , , , , , , , , , , , , , , , ,
,#_of_vehicles,avg_distance,avg_travel_time,avg_speed,avg_toll_cost,avg_energy_K_joule,avg_CO2_gram,avg_NOX_gram,avg_CO_gram,avg_HC_gram,avg_PM_gram,avg_PM2_5_gram,avg_energy_K_joule_per_mile,avg_CO2_gram_per_mile,avg_NOX_gram_per_mile,avg_CO_gram_per_mile,avg_HC_gram_per_mile,avg_PM_gram_per_mile,avg_PM2_5_gram_per_mile,avg_MilesPerGallon,
OD1,2513,3.13233,5.62674,33.4012,0,0,0,0,5983.06,0,0,0,0,0,0,1910.1,0,0,0,0,
OD2,2513,3.13233,5.62674,33.4012,0,0,0,0,5983.06,0,0,0,0,0,0,1910.1,0,0,0,0,


--MOE Group 5--
 , , , , , , , , , , , , , , , , , , , ,
,#_of_vehicles,avg_distance,avg_travel_time,avg_speed,avg_toll_cost,avg_energy_K_joule,avg_CO2_gram,avg_NOX_gram,avg_CO_gram,avg_HC_gram,avg_PM_gram,avg_PM2_5_gram,avg_energy_K_joule_per_mile,avg_CO2_gram_per_mile,avg_NOX_gram_per_mile,avg_CO_gram_per_mile,avg_HC_gram_per_mile,avg_PM_gram_per_mile,avg_PM2_5_gram_per_mile,avg_MilesPerGallon,
link_48_41_ NB freeway,0,0,0,0,0,0,0,0,0,0,0,0,0,0,0,0,0,0,0,0,
link_39_44_NB freeway,0,0,0,0,0,0,0,0,0,0,0,0,0,0,0,0,0,0,0,0,
link_48_41_SB freeway,0,0,0,0,0,0,0,0,0,0,0,0,0,0,0,0,0,0,0,0,
link_39_44_ SB freeway,0,0,0,0,0,0,0,0,0,0,0,0,0,0,0,0,0,0,0,0,


--MOE Group 6--
 , , , , , , , , , , , , , , , , , , , ,
,#_of_vehicles,avg_distance,avg_travel_time,avg_speed,avg_toll_cost,avg_energy_K_joule,avg_CO2_gram,avg_NOX_gram,avg_CO_gram,avg_HC_gram,avg_PM_gram,avg_PM2_5_gram,avg_energy_K_joule_per_mile,avg_CO2_gram_per_mile,avg_NOX_gram_per_mile,avg_CO_gram_per_mile,avg_HC_gram_per_mile,avg_PM_gram_per_mile,avg_PM2_5_gram_per_mile,avg_MilesPerGallon,
Path1_Major freeway route,2513,3.13233,5.62674,33.4012,0,0,0,0,5983.06,0,0,0,0,0,0,1910.1,0,0,0,0,
Path2_Major freeway route,2513,3.13233,5.62674,33.4012,0,0,0,0,5983.06,0,0,0,0,0,0,1910.1,0,0,0,0,
Path3_Major arterial route,0,0,0,0,0,0,0,0,0,0,0,0,0,0,0,0,0,0,0,0,
Path4_Major arterial route,2513,3.13233,5.62674,33.4012,0,0,0,0,5983.06,0,0,0,0,0,0,1910.1,0,0,0,0,


--MOE Group 7--
Detailed Data:,output_NetworkTDMOE.csv
time_stamp_in_min,cumulative_in_flow_count,cumulative_out_flow_count,number_of_vehicles_in_network,flow_in_a_min,avg_trip_time_in_min
930,21,0,21,21,5.17207,
931,37,1,36,16,5.12242,
932,52,4,48,15,4.81176,
933,68,7,61,16,6.14621,
934,83,15,68,15,5.52513,
935,101,25,76,18,5.63542,
936,112,36,76,11,6.14732,
937,129,48,81,17,6.04375,
938,161,61,100,32,6.14676,
939,175,71,104,14,4.6768,
940,201,93,108,26,7.1874,
941,226,101,125,25,5.51764,
942,239,121,118,13,5.46399,
943,262,137,125,23,6.04975,
944,276,157,119,14,6.31092,
945,293,177,116,17,5.49847,
946,317,195,122,24,4.98875,
947,336,218,118,19,5.78149,
948,355,238,117,19,5.51389,
949,374,260,114,19,5.05396,
950,396,280,116,22,5.36977,
951,425,307,118,29,5.91113,
952,443,330,113,18,4.82082,
953,463,351,112,20,5.42289,
954,492,370,122,29,5.96598,
955,521,388,133,29,5.60523,
956,546,411,135,25,5.46113,
957,561,430,131,15,5.7137,
958,585,460,125,24,6.24656,
959,598,481,117,13,5.84209,
960,618,507,111,20,5.95579,
961,636,524,112,18,4.4508,
962,673,543,130,37,5.79886,
963,688,559,129,15,6.47734,
964,707,594,113,19,5.76173,
965,726,613,113,19,5.70059,
966,742,630,112,16,6.50537,
967,759,643,116,17,5.88473,
968,777,665,112,18,5.21562,
969,796,685,111,19,5.51648,
970,822,705,117,26,6.10128,
971,839,730,109,17,5.7205,
972,859,744,115,20,5.40814,
973,885,767,118,26,6.16077,
974,902,779,123,17,5.44473,
975,927,805,122,25,6.12818,
976,951,823,128,24,6.30429,
977,968,849,119,17,5.33494,
978,996,865,131,28,6.15839,
979,1017,885,132,21,5.16954,
980,1035,904,131,18,5.39905,
981,1062,920,142,27,6.03234,
982,1073,951,122,11,5.78612,
983,1091,971,120,18,5.17372,
984,1120,998,122,29,5.27174,
985,1135,1025,110,15,4.90789,
986,1162,1043,119,27,4.65267,
987,1179,1062,117,17,4.9952,
988,1193,1094,99,14,5.84752,
989,1210,1112,98,17,5.12072,
990,1232,1134,98,22,6.03538,
991,1251,1152,99,19,5.95302,
992,1274,1168,106,23,5.00115,
993,1297,1183,114,23,5.45063,
994,1321,1210,111,24,5.55279,
995,1351,1224,127,30,5.86398,
996,1364,1249,115,13,5.40996,
997,1388,1267,121,24,5.84101,
998,1413,1283,130,25,5.69537,
999,1437,1300,137,24,5.4429,
1000,1452,1323,129,15,5.69412,
1001,1469,1349,120,17,4.98336,
1002,1493,1372,121,24,5.43398,
1003,1508,1397,111,15,6.06071,
1004,1530,1419,111,22,5.41786,
1005,1546,1442,104,16,5.34938,
1006,1574,1460,114,28,6.08485,
1007,1593,1481,112,19,6.0384,
1008,1613,1500,113,20,5.2945,
1009,1629,1521,108,16,4.64517,
1010,1657,1530,127,28,5.55495,
1011,1688,1556,132,31,5.75386,
1012,1712,1581,131,24,5.88322,
1013,1738,1604,134,26,5.14672,
1014,1757,1630,127,19,5.44792,
1015,1783,1651,132,26,6.16184,
1016,1804,1675,129,21,5.81652,
1017,1831,1696,135,27,6.17954,
1018,1853,1719,134,22,5.52065,
1019,1870,1733,137,17,4.56092,
1020,1894,1766,128,24,5.48715,
1021,1920,1786,134,26,5.6718,
1022,1942,1806,136,22,5.8859,
1023,1963,1829,134,21,6.16188,
1024,1991,1864,127,28,5.12585,
1025,2008,1887,121,17,5.0322,
1026,2029,1912,117,21,5.81098,
1027,2046,1929,117,17,4.33521,
1028,2082,1952,130,36,5.70271,
1029,2099,1971,128,17,5.3279,
1030,2115,1996,119,16,5.71074,
1031,2138,2019,119,23,5.57238,
1032,2158,2037,121,20,5.13185,
1033,2179,2065,114,21,6.36783,
1034,2207,2084,123,28,5.77101,
1035,2238,2108,130,31,5.12968,
1036,2258,2126,132,20,5.89915,
1037,2285,2149,136,27,5.04676,
1038,2307,2170,137,22,5.83132,
1039,2334,2194,140,27,6.34484,
1040,2354,2221,133,20,5.17806,
1041,2377,2243,134,23,6.03592,
1042,2404,2266,138,27,4.93786,
1043,2417,2295,122,13,4.64369,
1044,2434,2322,112,17,4.99709,
1045,2452,2338,114,18,5.94729,
1046,2462,2358,104,10,6.21826,
1047,2484,2387,97,22,5.94238,
1048,2497,2402,95,13,5.92276,
1049,2513,2422,91,16,6.93011,
1050,2513,2438,75,0,0,
1051,2513,2455,58,0,0,
1052,2513,2465,48,0,0,
1053,2513,2474,39,0,0,
1054,2513,2486,27,0,0,
1055,2513,2494,19,0,0,
1056,2513,2502,11,0,0,
1057,2513,2506,7,0,0,
1058,2513,2509,4,0,0,
1059,2513,2513,0,0,0,


--MOE Group 8--
Detailed Data:,output_LinkMOE.csv
from_node_id,to_node_id,type_code,link_type,link_length,start_time_in_min,end_time_in_min,total_link_volume,lane_capacity_in_vhc_per_hour,link_capacity_in_vhc_per_hour,volume_over_capacity_ratio,avg_waiting_time_on_loading_buffer_(min), speed_limit,speed,free-flow_travel_time,travel_time,percentage_of_speed_limit, level_of_service, sensor_data_flag, sensor_link_volume, simulated_link_volume, measurement_error, abs_measurement_error_percentage, simulated_AADT, TotalEnergy_(J / hr), CO2_(g / hr), NOX_(g / hr), CO_(g / hr), HC_(g / hr, PM_(g / hr), PM_2_5(g / hr),sov_volume, hov_volume, truck_volume, intermodal_volume,passenger car,passenger truck,light commercial truck,single unit short-haul truck,combination long-haul truck,geometry, from_node_id,to_node_id,vol_h1,vol_h2,vol_h3,vol_h4,vol_h5,vol_h6,vol_h7,vol_h8,vol_h9,vol_h10,vol_h11,vol_h12,vol_h13,vol_h14,vol_h15,vol_h16,vol_h17,vol_h18,vol_h19,vol_h20,vol_h21,vol_h22,vol_h23,vol_h24,speed_h1,speed_h2,speed_h3,speed_h4,speed_h5,speed_h6,speed_h7,speed_h8,speed_h9,speed_h10,speed_h11,speed_h12,speed_h13,speed_h14,speed_h15,speed_h16,speed_h17,speed_h18,speed_h19,speed_h20,speed_h21,speed_h22,speed_h23,speed_h24,vol_d1,spd_d1,


--MOE Group 9--
Detailed Data:,output_ODMOE.csv
from_zone_id,to_zone_id,number_of_agents,number_of_agents_completing_trips,trip_time_in_min,distance


--MOE Group 10--
 , , , , , , , , , , , , , , , , , , , ,
,#_of_vehicles,avg_distance,avg_travel_time,avg_speed,avg_toll_cost,avg_energy_K_joule,avg_CO2_gram,avg_NOX_gram,avg_CO_gram,avg_HC_gram,avg_PM_gram,avg_PM2_5_gram,avg_energy_K_joule_per_mile,avg_CO2_gram_per_mile,avg_NOX_gram_per_mile,avg_CO_gram_per_mile,avg_HC_gram_per_mile,avg_PM_gram_per_mile,avg_PM2_5_gram_per_mile,avg_MilesPerGallon,
critical path list,2513,3.13233,5.62674,33.4012,0,0,0,0,5983.06,0,0,0,0,0,0,1910.1,0,0,0,0,
